firm,community,within_comm_eigenvector,z_score,participation_coeff,global_pagerank,katz_centrality,ga_role
COCA-COLA,5,0.581808,3.4857,0.8028,0.006202,0.034195,kinless_hub
AT&T,1,0.51223,3.6628,0.6129,0.01096,0.073711,connector_hub
VERIZON,1,0.452001,2.7487,0.547,0.00779,0.05774,connector_hub
BRISTOL-MYERS SQUIBB,4,0.43127,2.7971,0.4384,0.00617,0.041436,connector_hub
CHARTER COMMUNICATIONS,1,0.420954,2.3799,0.4819,0.006784,0.055078,peripheral
ILLINOIS TOOL WORKS,5,0.406815,0.6036,0.7483,0.002472,0.03036,non_hub_connector
CMS ENERGY,2,0.402848,2.7461,0.4515,0.019894,0.305877,connector_hub
BERKSHIRE HATHAWAY,2,0.394008,2.6896,0.5035,0.021143,0.307882,connector_hub
NATIONWIDE,0,0.392003,3.4454,0.6452,0.012293,0.068938,connector_hub
DTE ENERGY,2,0.37579,2.4899,0.4403,0.018149,0.285774,peripheral
AMERIPRISE FINANCIAL,0,0.374905,3.4304,0.4983,0.010058,0.053475,connector_hub
AK STEEL HOLDING,5,0.368636,0.8341,0.6575,0.001605,0.024895,non_hub_connector
AMGEN,4,0.347999,1.8469,0.5579,0.005676,0.036711,peripheral
ABBVIE,4,0.330422,1.6379,0.587,0.005273,0.039151,peripheral
NORTHWESTERN MUTUAL,0,0.330134,2.5454,0.3427,0.007103,0.040734,connector_hub
CVS HEALTH,4,0.327796,2.0749,0.4652,0.005563,0.035626,peripheral
NUCOR,5,0.326021,0.2577,0.5533,0.00105,0.02226,peripheral
LOCKHEED MARTIN,3,0.321161,2.2583,0.6773,0.011675,0.110767,non_hub_connector
DELTA AIR LINES,3,0.310697,2.2703,0.581,0.009428,0.089714,peripheral
EXELON,2,0.308949,1.8952,0.5047,0.016518,0.244346,peripheral
ALLSTATE,0,0.30793,2.2454,0.3911,0.006796,0.03954,peripheral
XCEL ENERGY,2,0.303535,2.0081,0.4346,0.015855,0.235749,peripheral
MICROSOFT,1,0.28441,1.7224,0.7154,0.008004,0.062454,non_hub_connector
CIGNA,4,0.275239,1.6759,0.6387,0.006049,0.045684,non_hub_connector
RAYTHEON,3,0.272423,1.5761,0.6432,0.008762,0.075754,non_hub_connector
AMERICAN FAMILY INSURANCE GROUP,0,0.266339,1.6604,0.6786,0.007816,0.054158,non_hub_connector
GENERAL ELECTRIC,3,0.260278,1.6838,0.7304,0.012646,0.108152,non_hub_connector
INTERNATIONAL PAPER,5,0.258684,0.2577,0.7944,0.004099,0.036174,non_hub_connector
PPL,2,0.247988,1.3048,0.4528,0.012,0.194864,peripheral
HARTFORD FINANCIAL SERVICES,0,0.245337,2.3354,0.577,0.008483,0.051943,peripheral
IBM,1,0.242182,2.6846,0.7472,0.014711,0.09453,connector_hub
CENTENE,4,0.241216,1.5619,0.7227,0.007513,0.066088,non_hub_connector
GENERAL DYNAMICS,3,0.237025,1.229,0.6339,0.007391,0.077273,non_hub_connector
PRINCIPAL FINANCIAL,0,0.235499,1.3454,0.6097,0.006284,0.043396,peripheral
HUMANA,4,0.23196,1.2578,0.5651,0.00448,0.037353,peripheral
PEPSICO,5,0.231908,0.0271,0.7658,0.001389,0.021418,non_hub_connector
LEIDOS HOLDINGS,3,0.230968,1.241,0.6108,0.007168,0.070631,peripheral
ENTERGY,2,0.226251,1.231,0.596,0.014513,0.192115,peripheral
NORTHROP GRUMMAN,3,0.223448,1.1333,0.5475,0.006256,0.070361,peripheral
BIOGEN,4,0.21497,0.8968,0.478,0.003422,0.03368,peripheral
UNION PACIFIC,3,0.214564,1.241,0.691,0.009365,0.098034,non_hub_connector
AMERICAN ELECTRIC POWER,2,0.209018,0.9445,0.3173,0.008865,0.159021,peripheral
PG&E,2,0.205632,1.1833,0.503,0.012473,0.173444,peripheral
CUMMINS,3,0.201541,0.9897,0.719,0.010972,0.100968,non_hub_connector
MERCK,4,0.20151,0.6687,0.2972,0.002748,0.027128,peripheral
BALL,3,0.201134,0.9777,0.6735,0.007649,0.072598,non_hub_connector
BOEING,3,0.200091,0.8939,0.7492,0.009743,0.069279,non_hub_connector
AECOM,3,0.19222,0.7743,0.5934,0.005939,0.061768,peripheral
GILEAD SCIENCES,4,0.190249,0.7637,0.7254,0.00532,0.053795,non_hub_connector
PPG INDUSTRIES,3,0.189745,0.8461,0.7282,0.008839,0.081597,non_hub_connector
DUKE ENERGY,2,0.185101,0.9662,0.4993,0.011533,0.159787,peripheral
DEAN FOODS,5,0.181147,0.2577,0.6784,0.001594,0.02106,non_hub_connector
UNITED TECHNOLOGIES,3,0.179709,0.6546,0.6454,0.006158,0.056937,non_hub_connector
AIG,0,0.179251,1.1354,0.161,0.004189,0.029625,peripheral
TIAA,0,0.178974,1.0904,0.1181,0.003884,0.029157,peripheral
JOHNSON & JOHNSON,4,0.178399,0.7447,0.6293,0.004721,0.034637,non_hub_connector
PRUDENTIAL FINANCIAL,0,0.177688,1.1504,0.2966,0.004382,0.031013,peripheral
UNITED AIRLINES HOLDINGS,3,0.17614,0.6546,0.5723,0.00544,0.049598,peripheral
AMERICAN AIRLINES GROUP,3,0.175257,0.6426,0.5519,0.005183,0.050701,peripheral
MAGELLAN HEALTH,4,0.169107,0.4977,0.668,0.003709,0.038546,non_hub_connector
DELL TECHNOLOGIES,1,0.168703,1.0167,0.7573,0.007307,0.05797,non_hub_connector
FIRSTENERGY,2,0.167716,0.6971,0.381,0.008187,0.136535,peripheral
CENTERPOINT ENERGY,2,0.164154,0.658,0.2356,0.007123,0.128759,peripheral
ALASKA AIR GROUP,3,0.163089,0.487,0.5569,0.004826,0.049726,peripheral
LINCOLN NATIONAL,0,0.162455,0.7904,0.1362,0.003381,0.028146,peripheral
MOLSON COORS BEVERAGE,5,0.16114,-0.5493,0.6578,0.000927,0.021974,non_hub_connector
MUTUAL OF OMAHA INSURANCE,0,0.160917,0.8354,0.6756,0.006792,0.039243,non_hub_connector
ORACLE,1,0.160408,0.9366,0.7259,0.006743,0.055939,non_hub_connector
STATE FARM INSURANCE,0,0.159655,0.9554,0.3566,0.004352,0.030391,peripheral
3M,3,0.157466,0.5229,0.6956,0.007055,0.066909,non_hub_connector
AMAZON,1,0.157104,1.6261,0.7204,0.009139,0.062229,non_hub_connector
GUARDIAN LIFE INS. CO. OF AMERICA,0,0.148107,1.1804,0.6742,0.007038,0.042298,non_hub_connector
SOUTHWEST AIRLINES,3,0.141934,0.1519,0.5948,0.004221,0.049082,peripheral
CORNING,3,0.128813,0.1759,0.7183,0.00745,0.074078,non_hub_connector
FOX CORP,1,0.125468,0.3913,0.5045,0.003297,0.028935,peripheral
SYSCO,5,0.125286,-0.434,0.6531,0.000978,0.020546,non_hub_connector
FACEBOOK,1,0.121605,0.7762,0.7102,0.005818,0.04062,non_hub_connector
CALPINE,2,0.120571,0.3845,0.2402,0.005981,0.101657,peripheral
CISCO SYSTEMS,1,0.116414,0.4394,0.6248,0.003619,0.035188,peripheral
BLACKSTONE GROUP,4,0.112721,0.3267,0.6324,0.003615,0.032605,non_hub_connector
WASTE MANAGEMENT,5,0.111929,-0.5493,0.5785,0.000824,0.020672,peripheral
JPMORGAN CHASE & CO.,0,0.110478,0.8504,0.4693,0.004446,0.032296,peripheral
MOLINA HEALTHCARE,4,0.109322,0.0796,0.605,0.002485,0.031111,peripheral
JONES FINANCIAL (EDWARD JONES),0,0.109208,0.2204,0.5331,0.003055,0.032317,peripheral
NEW YORK LIFE INSURANCE,0,0.108386,0.2954,0.1967,0.002677,0.025829,peripheral
WALMART,4,0.105548,-0.0344,0.7114,0.003734,0.029519,non_hub_connector
HOLLYFRONTIER,3,0.10473,-0.0994,0.5989,0.004033,0.052422,peripheral
FEDEX,3,0.102126,-0.2191,0.7194,0.004643,0.046664,non_hub_connector
HCA HEALTHCARE,4,0.102101,0.0416,0.7414,0.003297,0.035497,non_hub_connector
ELI LILLY,4,0.101012,0.0416,0.5351,0.00231,0.028606,peripheral
DISH NETWORK,1,0.097956,-0.17,0.4011,0.001767,0.026009,peripheral
NIKE,5,0.097935,-0.434,0.2449,0.00124,0.020145,peripheral
GAP,5,0.097935,-0.434,0.2449,0.00124,0.020145,peripheral
CAMPBELL SOUP,5,0.097935,-0.434,0.2449,0.00124,0.020145,peripheral
KEURIG DR PEPPER,5,0.096605,-0.6646,0.58,0.000796,0.020614,peripheral
IHEARTMEDIA,1,0.094398,-0.0577,0.5975,0.002877,0.027344,peripheral
RITE AID,4,0.093884,-0.1294,0.6834,0.002936,0.02638,non_hub_connector
BANK OF AMERICA,0,0.093603,0.4904,0.4753,0.004174,0.028914,peripheral
CBS,1,0.09112,-0.0096,0.6161,0.002758,0.027259,peripheral
TEXTRON,3,0.088142,-0.3746,0.6254,0.002981,0.041475,non_hub_connector
PUBLIC SERVICE ENTERPRISE GROUP,2,0.08789,0.0329,0.5436,0.006239,0.089891,peripheral
EVERSOURCE ENERGY,2,0.087818,0.0763,0.4357,0.005551,0.083654,peripheral
WALGREENS BOOTS ALLIANCE,4,0.086036,-0.1294,0.6555,0.002505,0.031685,non_hub_connector
BLACKROCK,0,0.084224,0.0854,0.4048,0.002616,0.026379,peripheral
LABORATORY CORP. OF AMERICA,4,0.082667,0.0796,0.7164,0.003383,0.031421,non_hub_connector
CATERPILLAR,4,0.082213,-0.2054,0.7899,0.005446,0.05147,non_hub_connector
KELLOGG,5,0.081684,-0.434,0.8036,0.001503,0.022207,kinless
ALPHABET,1,0.081017,0.0225,0.4869,0.002563,0.026085,peripheral
PNC FINANCIAL SERVICES,0,0.080836,0.4154,0.3536,0.003404,0.026898,peripheral
EXXONMOBIL,2,0.080827,0.1197,0.7165,0.010711,0.098314,non_hub_connector
JACOBS ENGINEERING GROUP,3,0.080138,-0.4225,0.6143,0.002894,0.037788,peripheral
LIBERTY MUTUAL INSURANCE GROUP,0,0.079162,-0.2596,0.7027,0.00258,0.030115,non_hub_connector
AMEREN,2,0.077425,-0.0322,0.5325,0.005832,0.079882,peripheral
FLUOR,3,0.075435,-0.4345,0.65,0.003782,0.051351,non_hub_connector
HEWLETT PACKARD ENTERPRISE,1,0.072463,0.279,0.7169,0.004551,0.04053,non_hub_connector
HONEYWELL INTERNATIONAL,1,0.072385,0.0064,0.7505,0.004682,0.046298,non_hub_connector
CAPITAL ONE FINANCIAL,0,0.071745,-0.0046,0.7402,0.003793,0.034751,non_hub_connector
INTEL,1,0.071647,0.0545,0.6112,0.003173,0.039031,peripheral
WINDSTREAM HOLDINGS,1,0.071559,-0.4426,0.2571,0.001163,0.022979,peripheral
NORTHERN TRUST,0,0.071015,0.2654,0.3864,0.003175,0.027171,peripheral
CITIGROUP,0,0.069757,0.2954,0.5861,0.003735,0.030475,peripheral
TEXAS INSTRUMENTS,1,0.069569,0.2149,0.5809,0.003016,0.029838,peripheral
LUMEN TECHNOLOGIES,1,0.069005,-0.4587,0.7314,0.00187,0.029416,non_hub_connector
CSX,3,0.068363,-0.5422,0.6843,0.003374,0.048772,non_hub_connector
AMERISOURCEBERGEN,4,0.068345,-0.4144,0.1094,0.00128,0.022005,peripheral
MOTOROLA SOLUTIONS,3,0.066182,-0.5901,0.686,0.003145,0.043396,non_hub_connector
SOUTHERN,2,0.065472,-0.2754,0.4624,0.003655,0.067118,peripheral
HUNTSMAN,3,0.065151,-0.5422,0.732,0.003465,0.041445,non_hub_connector
AIR PRODUCTS & CHEMICALS,3,0.065115,-0.5302,0.6006,0.002611,0.038991,peripheral
COGNIZANT TECHNOLOGY SOLUTIONS,3,0.064438,-0.6379,0.6824,0.002886,0.034577,non_hub_connector
KEYCORP,0,0.061588,0.2354,0.0697,0.00267,0.024074,peripheral
REGENERON PHARMACEUTICALS,4,0.061334,-0.4334,0.244,0.001304,0.022275,peripheral
FORD,0,0.060935,-0.2296,0.6203,0.002692,0.035333,peripheral
HOME DEPOT,1,0.059451,0.1187,0.7621,0.004413,0.037024,non_hub_connector
CHARLES SCHWAB,0,0.057743,-0.2746,0.0,0.001706,0.022526,ultra_peripheral
NAVISTAR INTERNATIONAL,4,0.056971,-0.3194,0.7087,0.002373,0.029632,non_hub_connector
HP,1,0.05576,-0.17,0.3829,0.001986,0.025115,peripheral
MICRON TECHNOLOGY,1,0.055012,0.1989,0.693,0.004514,0.046315,non_hub_connector
MCKESSON,4,0.05496,-0.5095,0.5709,0.0015,0.024275,peripheral
GENERAL MOTORS,2,0.053614,-0.2884,0.7273,0.006004,0.068445,non_hub_connector
CITIZENS FINANCIAL GROUP,0,0.05303,-0.2296,0.3424,0.001969,0.023507,peripheral
CHEVRON,2,0.052205,-0.1625,0.5525,0.005223,0.065058,peripheral
WELLS FARGO,0,0.048657,-0.1096,0.36,0.002209,0.026207,peripheral
APPLIED MATERIALS,1,0.047682,0.0385,0.7074,0.003568,0.034109,non_hub_connector
HILTON WORLDWIDE HOLDINGS,0,0.046169,-0.3046,0.7365,0.003118,0.031517,non_hub_connector
L3HARRIS TECHNOLOGIES,3,0.046038,-0.8653,0.4232,0.00142,0.026527,peripheral
FIFTH THIRD BANCORP,0,0.044451,0.0554,0.3856,0.002762,0.024849,peripheral
BECTON DICKINSON,4,0.044419,-0.5285,0.7097,0.001954,0.024033,non_hub_connector
LIBERTY MEDIA,1,0.043932,-0.4105,0.6451,0.001733,0.026102,non_hub_connector
TARGET,1,0.043763,-0.186,0.5566,0.002107,0.024947,peripheral
AES,2,0.04354,-0.4577,0.5476,0.002966,0.052559,peripheral
YUM BRANDS,1,0.042635,-0.2823,0.5848,0.002124,0.024948,peripheral
EDISON INTERNATIONAL,2,0.042503,-0.4143,0.3915,0.002791,0.050633,peripheral
CONSTELLATION BRANDS,0,0.042377,-0.3946,0.6152,0.002002,0.027369,peripheral
KROGER,1,0.040907,-0.3143,0.7637,0.003171,0.032351,non_hub_connector
USAA,0,0.04079,-0.4696,0.7337,0.002689,0.034932,non_hub_connector
GRAPHIC PACKAGING HOLDING,3,0.040071,-0.7097,0.6626,0.002603,0.031952,non_hub_connector
MARATHON PETROLEUM,2,0.039509,-0.3839,0.2138,0.002637,0.04729,peripheral
WESTROCK,3,0.038998,-0.7217,0.652,0.002439,0.031729,non_hub_connector
ASSURANT,0,0.038844,-0.6496,0.0868,0.000983,0.021575,peripheral
POLARIS INC,3,0.038548,-0.9132,0.4556,0.001375,0.024879,peripheral
QUALCOMM,1,0.038043,-0.4747,0.2851,0.001181,0.022571,peripheral
TESLA,2,0.03771,-0.4664,0.4989,0.002801,0.047463,peripheral
QURATE RETAIL,1,0.037223,-0.4587,0.6272,0.001552,0.02555,non_hub_connector
SYNCHRONY FINANCIAL,0,0.037016,-0.4246,0.5491,0.001886,0.024091,peripheral
WALT DISNEY,1,0.036289,-0.5388,0.2176,0.001082,0.02191,peripheral
ALLY FINANCIAL,0,0.035703,-0.2896,0.4646,0.002107,0.023489,peripheral
PUBLIX SUPER MARKETS,0,0.035527,-0.6496,0.3676,0.001099,0.021814,peripheral
JETBLUE AIRWAYS,3,0.03542,-0.9371,0.7069,0.001752,0.030818,non_hub_connector
THERMO FISHER SCIENTIFIC,3,0.035183,-0.8893,0.705,0.002128,0.032268,non_hub_connector
DAVITA,3,0.035183,-0.8893,0.6669,0.001799,0.031639,non_hub_connector
U.S. BANCORP,0,0.033839,-0.3796,0.1349,0.001658,0.022056,peripheral
PHILLIPS 66,2,0.033429,-0.3014,0.6256,0.004951,0.051793,non_hub_connector
OSHKOSH,3,0.032915,-0.9252,0.5837,0.001553,0.03025,peripheral
SALESFORCE,1,0.03274,-0.2021,0.5538,0.001951,0.026349,peripheral
ARCONIC,5,0.032577,-0.8952,0.4444,0.0006,0.020098,peripheral
MARRIOTT INTERNATIONAL,0,0.031758,-0.4846,0.6379,0.001858,0.024038,non_hub_connector
BANK OF NEW YORK MELLON,0,0.030861,-0.3796,0.2637,0.001885,0.022094,peripheral
MASSACHUSETTS MUTUAL LIFE INSURANCE,0,0.030636,-0.4396,0.5432,0.001771,0.023434,peripheral
CONOCOPHILLIPS,2,0.030164,-0.5098,0.6876,0.00365,0.04807,non_hub_connector
W.R. BERKLEY,0,0.029415,-0.4546,0.6708,0.002043,0.024887,non_hub_connector
BAXTER INTERNATIONAL,1,0.02893,-0.587,0.4,0.001042,0.022196,peripheral
INTUIT,1,0.02884,-0.3785,0.6581,0.00214,0.02526,non_hub_connector
BEST BUY,1,0.028762,-0.3945,0.7108,0.002461,0.024574,non_hub_connector
ECOLAB,2,0.028457,-0.4794,0.7091,0.004407,0.047316,non_hub_connector
AMERICAN EXPRESS,0,0.0272,-0.4996,0.6633,0.001989,0.023974,non_hub_connector
WEYERHAEUSER,3,0.026177,-0.997,0.7209,0.001986,0.027687,non_hub_connector
DANAHER,4,0.02547,-0.5855,0.7518,0.002024,0.027939,non_hub_connector
QUEST DIAGNOSTICS,4,0.024935,-0.5475,0.7547,0.002035,0.027441,non_hub_connector
CONSOLIDATED EDISON,2,0.024484,-0.5575,0.4887,0.002255,0.03917,peripheral
COMCAST,1,0.02367,-0.7152,0.0,0.000768,0.020749,ultra_peripheral
BOOZ ALLEN HAMILTON,3,0.023656,-1.0688,0.5787,0.001185,0.026779,peripheral
LOEWS,2,0.023576,-0.5054,0.497,0.00342,0.038477,peripheral
ALTRIA GROUP,0,0.023206,-0.6046,0.5938,0.001996,0.022386,peripheral
XEROX,0,0.023196,-0.6496,0.2784,0.001085,0.021661,peripheral
DOMINION ENERGY,2,0.023179,-0.6096,0.0993,0.001474,0.034931,peripheral
MARSH & MCLENNAN,0,0.022533,-0.7396,0.6933,0.001178,0.022442,non_hub_connector
APPLE,1,0.021832,-0.5709,0.4225,0.001505,0.021802,peripheral
NEXTERA ENERGY,0,0.021611,-0.5146,0.6067,0.001707,0.023473,peripheral
ABM INDUSTRIES,2,0.020895,-0.6096,0.4958,0.001939,0.036208,peripheral
WESTERN UNION,0,0.020509,-0.4246,0.544,0.001862,0.023382,peripheral
LOWE'S,1,0.019887,-0.5709,0.7507,0.001921,0.022892,non_hub_connector
GOLDMAN SACHS GROUP,0,0.019382,-0.4096,0.515,0.001951,0.023173,peripheral
MCDONALD'S,1,0.019355,-0.5709,0.5932,0.001413,0.022242,peripheral
TRAVELERS,0,0.018776,-0.6796,0.0,0.001003,0.020852,ultra_peripheral
GOODYEAR TIRE & RUBBER,3,0.018064,-1.1047,0.6097,0.001101,0.025434,peripheral
GENERAL MILLS,1,0.016756,-0.5549,0.6963,0.001489,0.023816,non_hub_connector
NAVIENT,0,0.016707,-0.7546,0.729,0.001432,0.02297,non_hub_connector
LAND O'LAKES,5,0.01655,-0.8952,0.0,0.000634,0.019941,ultra_peripheral
CHS,0,0.016191,-0.6196,0.794,0.002698,0.031657,non_hub_connector
DUPONT DE NEMOURS,2,0.016026,-0.5923,0.6093,0.002594,0.035207,peripheral
GENWORTH FINANCIAL,0,0.015919,-0.6196,0.7412,0.001752,0.024356,non_hub_connector
SEMPRA ENERGY,2,0.015536,-0.6443,0.6012,0.002031,0.033152,peripheral
PROCTER & GAMBLE,4,0.015037,-0.7755,0.7188,0.001586,0.026152,non_hub_connector
ZIMMER BIOMET HOLDINGS,4,0.01459,-0.9085,0.6272,0.000821,0.020867,non_hub_connector
PEABODY ENERGY,2,0.014589,-0.6747,0.2382,0.001327,0.029992,peripheral
OWENS CORNING,3,0.014548,-1.1406,0.7542,0.001558,0.025749,non_hub_connector
NORFOLK SOUTHERN,3,0.014416,-1.1167,0.4234,0.000917,0.025309,peripheral
WEC ENERGY GROUP,2,0.014289,-0.6443,0.2592,0.001495,0.030392,peripheral
AFLAC,1,0.014225,-0.7634,0.4298,0.000772,0.020881,peripheral
UNITED PARCEL SERVICE,0,0.013912,-0.7996,0.7222,0.001198,0.022075,non_hub_connector
S&P GLOBAL,0,0.01346,-0.6196,0.7152,0.001794,0.023267,non_hub_connector
DISCOVER FINANCIAL SERVICES,0,0.013414,-0.6496,0.2292,0.001225,0.021015,peripheral
HERSHEY,4,0.013389,-0.8325,0.7191,0.001197,0.025868,non_hub_connector
CHEMOURS,2,0.013292,-0.653,0.6503,0.00229,0.032519,non_hub_connector
VF,2,0.013267,-0.6964,0.4832,0.001452,0.029441,peripheral
ADVANCED MICRO DEVICES,1,0.012102,-0.587,0.3025,0.001055,0.021536,peripheral
ARAMARK,4,0.011685,-0.8135,0.7877,0.001973,0.027059,non_hub_connector
ENERGY TRANSFER,2,0.011385,-0.6878,0.5409,0.001711,0.03071,peripheral
MORGAN STANLEY,0,0.010832,-0.8296,0.0,0.000747,0.02045,ultra_peripheral
WESTERN DIGITAL,1,0.010662,-0.6351,0.34,0.000982,0.021357,peripheral
VISA,0,0.010616,-0.6946,0.0,0.001061,0.020674,ultra_peripheral
REGIONS FINANCIAL,0,0.010616,-0.6946,0.5281,0.001243,0.023269,peripheral
STATE STREET CORP.,0,0.010616,-0.6946,0.0,0.001061,0.020674,ultra_peripheral
STANLEY BLACK & DECKER,1,0.010564,-0.6992,0.7505,0.001523,0.026032,non_hub_connector
METLIFE,0,0.009913,-0.6646,0.6551,0.001424,0.022443,non_hub_connector
ABBOTT LABORATORIES,4,0.009686,-0.8705,0.5511,0.000872,0.020892,peripheral
MASCO,3,0.009474,-1.2004,0.2975,0.00073,0.021467,peripheral
ONEOK,2,0.009396,-0.6964,0.3773,0.001373,0.027256,peripheral
KRAFT HEINZ,1,0.009008,-0.7954,0.784,0.001066,0.022559,non_hub_connector
BORGWARNER,0,0.008898,-0.6796,0.7101,0.001551,0.023281,non_hub_connector
COSTCO,0,0.008898,-0.6796,0.6647,0.001402,0.022376,non_hub_connector
OWENS-ILLINOIS,0,0.008898,-0.6796,0.6647,0.001402,0.022376,non_hub_connector
WESCO INTERNATIONAL,0,0.008898,-0.6796,0.6647,0.001402,0.022376,non_hub_connector
DEERE,0,0.008898,-0.6796,0.6794,0.00148,0.022751,non_hub_connector
BRIGHTHOUSE FINANCIAL,0,0.008804,-0.9046,0.0,0.000617,0.02018,ultra_peripheral
CELANESE,0,0.007874,-0.8296,0.7709,0.001104,0.022614,non_hub_connector
AMERICAN TOWER,1,0.006791,-0.8596,0.0,0.000573,0.020078,ultra_peripheral
CARDINAL HEALTH,1,0.006737,-0.6832,0.7604,0.001409,0.022839,non_hub_connector
LIVE NATION ENTERTAINMENT,4,0.006705,-0.8895,0.7264,0.001201,0.024158,non_hub_connector
EMERSON ELECTRIC,3,0.006567,-1.2363,0.6627,0.000818,0.020816,non_hub_connector
BOSTON SCIENTIFIC,1,0.006531,-0.6992,0.7632,0.00144,0.023064,non_hub_connector
TENET HEALTHCARE,2,0.006322,-0.7876,0.3045,0.000815,0.024128,peripheral
NRG ENERGY,2,0.005955,-0.8006,0.0,0.0007,0.023575,ultra_peripheral
WHIRLPOOL,2,0.005368,-0.7702,0.6318,0.001249,0.024815,non_hub_connector
YUM CHINA HOLDINGS,0,0.004766,-0.8896,0.0,0.000662,0.020129,ultra_peripheral
VALERO ENERGY,2,0.004445,-0.7963,0.6528,0.000991,0.02401,non_hub_connector
NCR,0,0.003995,-0.9196,0.375,0.000624,0.020147,peripheral
LAS VEGAS SANDS,0,0.003731,-0.9046,0.7778,0.000837,0.020723,non_hub_connector
CLOROX,4,0.003384,-0.9655,0.32,0.000793,0.020132,peripheral
MGM RESORTS INTERNATIONAL,2,0.003028,-0.805,0.4082,0.000841,0.022128,peripheral
NEWS CORP.,1,0.002949,-0.8275,0.0,0.00063,0.020085,ultra_peripheral
ADOBE,1,0.002648,-0.8596,0.0,0.000574,0.020088,ultra_peripheral
SHERWIN-WILLIAMS,2,0.002629,-0.7876,0.4211,0.000898,0.022375,peripheral
ARTHUR J. GALLAGHER,2,0.002312,-0.818,0.3704,0.000862,0.021573,peripheral
ESTEE LAUDER,4,0.001782,-0.9845,0.375,0.000746,0.020077,peripheral
KIMBERLY-CLARK,4,0.001616,-1.0225,0.5,0.000581,0.019979,peripheral
ADP,1,0.001566,-0.7954,0.375,0.000749,0.020254,peripheral
BROADCOM,1,0.001549,-0.8596,0.0,0.000582,0.020011,ultra_peripheral
HALLIBURTON,3,0.0015,-1.2962,0.5,0.000569,0.020202,peripheral
HARLEY-DAVIDSON,1,0.001353,-0.8596,0.4444,0.000595,0.020501,peripheral
COMMUNITY HEALTH SYSTEMS,4,0.001021,-1.0225,0.0,0.000557,0.019924,ultra_peripheral
TENNECO,2,0.001002,-0.8354,0.0,0.000646,0.020539,ultra_peripheral
STARBUCKS,4,0.000956,-1.0225,0.0,0.000559,0.019919,ultra_peripheral
ENTERPRISE PRODUCTS PARTNERS,1,0.000687,-0.8756,0.0,0.000561,0.019915,ultra_peripheral
RYDER SYSTEM,4,0.000516,-1.0225,0.5,0.000575,0.02008,peripheral
PHILIP MORRIS INTERNATIONAL,0,0.00048,-0.9196,0.0,0.000661,0.019979,ultra_peripheral
OLIN,2,0.000233,-0.8397,0.4444,0.000588,0.020242,peripheral
EBAY,4,0.000121,-1.0035,0.72,0.000684,0.020152,non_hub_connector
OWENS & MINOR,4,0.000106,-1.0225,0.5,0.00058,0.020088,peripheral
BOOKING HOLDINGS,2,4.8e-05,-0.844,0.0,0.000558,0.019933,ultra_peripheral
