row_idx,bill_number
0,H.1
1,H.CON.RES.20
2,H.CON.RES.23
3,H.CON.RES.55
4,H.J.RES.1
5,H.J.RES.107
6,H.J.RES.110
7,H.J.RES.111
8,H.J.RES.21
9,H.J.RES.28
10,H.J.RES.30
11,H.J.RES.31
12,H.J.RES.36
13,H.R.0000
14,H.R.1
15,H.R.10
16,H.R.1004
17,H.R.1006
18,H.R.1007
19,H.R.1008
20,H.R.1010
21,H.R.1017
22,H.R.1018
23,H.R.1025
24,H.R.1027
25,H.R.1029
26,H.R.1034
27,H.R.1035
28,H.R.1038
29,H.R.1043
30,H.R.1044
31,H.R.1046
32,H.R.1062
33,H.R.107
34,H.R.1079
35,H.R.1084
36,H.R.1093
37,H.R.1096
38,H.R.11
39,H.R.1101
40,H.R.1108
41,H.R.113
42,H.R.1149
43,H.R.1158
44,H.R.1159
45,H.R.1166
46,H.R.1171
47,H.R.1175
48,H.R.1185
49,H.R.1188
50,H.R.1194
51,H.R.1220
52,H.R.1224
53,H.R.1225
54,H.R.1226
55,H.R.1244
56,H.R.1245
57,H.R.1249
58,H.R.1251
59,H.R.1279
60,H.R.1282
61,H.R.1283
62,H.R.1289
63,H.R.1301
64,H.R.1303
65,H.R.1304
66,H.R.1314
67,H.R.1315
68,H.R.1316
69,H.R.1323
70,H.R.1326
71,H.R.1327
72,H.R.133
73,H.R.1332
74,H.R.1344
75,H.R.1346
76,H.R.135
77,H.R.1355
78,H.R.1361
79,H.R.1364
80,H.R.1374
81,H.R.1375
82,H.R.1384
83,H.R.1385
84,H.R.1386
85,H.R.1395
86,H.R.1398
87,H.R.1406
88,H.R.1409
89,H.R.1414
90,H.R.1417
91,H.R.1418
92,H.R.1420
93,H.R.1422
94,H.R.1423
95,H.R.1425
96,H.R.1426
97,H.R.1427
98,H.R.1439
99,H.R.144
100,H.R.1443
101,H.R.1452
102,H.R.1471
103,H.R.1475
104,H.R.1478
105,H.R.1485
106,H.R.1497
107,H.R.1498
108,H.R.1499
109,H.R.15
110,H.R.1500
111,H.R.1502
112,H.R.1503
113,H.R.1506
114,H.R.1509
115,H.R.1511
116,H.R.1516
117,H.R.1520
118,H.R.1543
119,H.R.1544
120,H.R.1549
121,H.R.1555
122,H.R.1558
123,H.R.1559
124,H.R.1565
125,H.R.1567
126,H.R.1575
127,H.R.1585
128,H.R.1592
129,H.R.1595
130,H.R.1602
131,H.R.1603
132,H.R.1607
133,H.R.1614
134,H.R.1618
135,H.R.1625
136,H.R.1628
137,H.R.1642
138,H.R.1643
139,H.R.1644
140,H.R.1666
141,H.R.1668
142,H.R.1675
143,H.R.1679
144,H.R.1680
145,H.R.1685
146,H.R.1686
147,H.R.1690
148,H.R.1693
149,H.R.1699
150,H.R.1706
151,H.R.1707
152,H.R.1711
153,H.R.1712
154,H.R.172
155,H.R.1725
156,H.R.1730
157,H.R.1731
158,H.R.1740
159,H.R.1742
160,H.R.1743
161,H.R.1744
162,H.R.1748
163,H.R.1752
164,H.R.1756
165,H.R.1760
166,H.R.1765
167,H.R.1766
168,H.R.1768
169,H.R.1769
170,H.R.1781
171,H.R.1783
172,H.R.1788
173,H.R.1789
174,H.R.179
175,H.R.1796
176,H.R.1815
177,H.R.1818
178,H.R.1832
179,H.R.1834
180,H.R.1836
181,H.R.1839
182,H.R.1845
183,H.R.1846
184,H.R.1850
185,H.R.1854
186,H.R.1860
187,H.R.1862
188,H.R.1863
189,H.R.1865
190,H.R.1869
191,H.R.1872
192,H.R.1874
193,H.R.1876
194,H.R.1879
195,H.R.1882
196,H.R.1890
197,H.R.1897
198,H.R.19
199,H.R.1907
200,H.R.1910
201,H.R.1922
202,H.R.1938
203,H.R.1939
204,H.R.1940
205,H.R.1941
206,H.R.1947
207,H.R.1948
208,H.R.195
209,H.R.1954
210,H.R.1956
211,H.R.1957
212,H.R.1959
213,H.R.1960
214,H.R.1961
215,H.R.1962
216,H.R.1966
217,H.R.1975
218,H.R.1976
219,H.R.1993
220,H.R.1994
221,H.R.1996
222,H.R.2
223,H.R.2000
224,H.R.2005
225,H.R.2007
226,H.R.2009
227,H.R.2011
228,H.R.2013
229,H.R.2014
230,H.R.2015
231,H.R.2028
232,H.R.2030
233,H.R.2038
234,H.R.2040
235,H.R.2042
236,H.R.2043
237,H.R.2044
238,H.R.205
239,H.R.2054
240,H.R.2062
241,H.R.2063
242,H.R.2064
243,H.R.2069
244,H.R.2070
245,H.R.2074
246,H.R.2084
247,H.R.2087
248,H.R.2093
249,H.R.2096
250,H.R.21
251,H.R.2102
252,H.R.2111
253,H.R.2113
254,H.R.2114
255,H.R.2115
256,H.R.2117
257,H.R.2119
258,H.R.2120
259,H.R.2135
260,H.R.2139
261,H.R.2143
262,H.R.2144
263,H.R.2157
264,H.R.2163
265,H.R.2164
266,H.R.2170
267,H.R.2181
268,H.R.2187
269,H.R.2193
270,H.R.2195
271,H.R.22
272,H.R.2202
273,H.R.2204
274,H.R.2207
275,H.R.2208
276,H.R.2209
277,H.R.2213
278,H.R.2218
279,H.R.2220
280,H.R.2227
281,H.R.223
282,H.R.224
283,H.R.2250
284,H.R.2256
285,H.R.2261
286,H.R.2266
287,H.R.2267
288,H.R.2268
289,H.R.2279
290,H.R.2296
291,H.R.2314
292,H.R.2318
293,H.R.2328
294,H.R.2329
295,H.R.2337
296,H.R.2339
297,H.R.2348
298,H.R.2353
299,H.R.2355
300,H.R.2367
301,H.R.2369
302,H.R.2374
303,H.R.2375
304,H.R.2376
305,H.R.2377
306,H.R.2381
307,H.R.2382
308,H.R.2386
309,H.R.2387
310,H.R.2397
311,H.R.2411
312,H.R.2416
313,H.R.2426
314,H.R.2440
315,H.R.2445
316,H.R.2447
317,H.R.2449
318,H.R.2452
319,H.R.2453
320,H.R.2463
321,H.R.2472
322,H.R.2474
323,H.R.2477
324,H.R.2479
325,H.R.2500
326,H.R.251
327,H.R.2513
328,H.R.2514
329,H.R.2533
330,H.R.2534
331,H.R.2539
332,H.R.2540
333,H.R.2556
334,H.R.2566
335,H.R.2570
336,H.R.2572
337,H.R.2575
338,H.R.2577
339,H.R.2578
340,H.R.2584
341,H.R.2587
342,H.R.2588
343,H.R.259
344,H.R.2591
345,H.R.2592
346,H.R.2596
347,H.R.2597
348,H.R.2600
349,H.R.2605
350,H.R.2608
351,H.R.2610
352,H.R.2616
353,H.R.2622
354,H.R.2626
355,H.R.2636
356,H.R.2638
357,H.R.264
358,H.R.2642
359,H.R.2644
360,H.R.265
361,H.R.2650
362,H.R.266
363,H.R.2664
364,H.R.267
365,H.R.268
366,H.R.2682
367,H.R.2683
368,H.R.2684
369,H.R.269
370,H.R.2692
371,H.R.2693
372,H.R.2694
373,H.R.2698
374,H.R.2699
375,H.R.2700
376,H.R.2704
377,H.R.2710
378,H.R.2711
379,H.R.2712
380,H.R.2722
381,H.R.2723
382,H.R.2739
383,H.R.2740
384,H.R.2741
385,H.R.2745
386,H.R.275
387,H.R.2760
388,H.R.2771
389,H.R.2772
390,H.R.2800
391,H.R.2818
392,H.R.2820
393,H.R.2827
394,H.R.2839
395,H.R.2868
396,H.R.2869
397,H.R.287
398,H.R.2874
399,H.R.2875
400,H.R.2881
401,H.R.2896
402,H.R.2899
403,H.R.2906
404,H.R.292
405,H.R.2923
406,H.R.293
407,H.R.2946
408,H.R.2956
409,H.R.2960
410,H.R.2968
411,H.R.2985
412,H.R.2986
413,H.R.2995
414,H.R.2997
415,H.R.3
416,H.R.3002
417,H.R.3006
418,H.R.3011
419,H.R.302
420,H.R.3031
421,H.R.3052
422,H.R.3055
423,H.R.3062
424,H.R.3077
425,H.R.3078
426,H.R.3079
427,H.R.3100
428,H.R.3102
429,H.R.3107
430,H.R.3111
431,H.R.3125
432,H.R.3127
433,H.R.3128
434,H.R.3129
435,H.R.3136
436,H.R.3145
437,H.R.3146
438,H.R.3151
439,H.R.3156
440,H.R.3162
441,H.R.3163
442,H.R.3164
443,H.R.3167
444,H.R.3180
445,H.R.3182
446,H.R.3195
447,H.R.3197
448,H.R.3199
449,H.R.3223
450,H.R.3224
451,H.R.3225
452,H.R.3226
453,H.R.3235
454,H.R.3240
455,H.R.3248
456,H.R.3249
457,H.R.3253
458,H.R.3255
459,H.R.3256
460,H.R.3258
461,H.R.3264
462,H.R.3266
463,H.R.3279
464,H.R.330
465,H.R.3300
466,H.R.3301
467,H.R.3306
468,H.R.331
469,H.R.3318
470,H.R.3325
471,H.R.3327
472,H.R.3351
473,H.R.3352
474,H.R.3353
475,H.R.3355
476,H.R.3361
477,H.R.3371
478,H.R.3375
479,H.R.3388
480,H.R.34
481,H.R.3401
482,H.R.3407
483,H.R.3408
484,H.R.3409
485,H.R.3417
486,H.R.342
487,H.R.3432
488,H.R.3436
489,H.R.3459
490,H.R.3461
491,H.R.3462
492,H.R.3475
493,H.R.3480
494,H.R.3481
495,H.R.3494
496,H.R.3497
497,H.R.3500
498,H.R.3502
499,H.R.3515
500,H.R.3523
501,H.R.3528
502,H.R.3548
503,H.R.3551
504,H.R.3556
505,H.R.3561
506,H.R.3564
507,H.R.358
508,H.R.3584
509,H.R.359
510,H.R.3593
511,H.R.3597
512,H.R.360
513,H.R.3600
514,H.R.3607
515,H.R.3609
516,H.R.3614
517,H.R.3616
518,H.R.362
519,H.R.3621
520,H.R.3622
521,H.R.3623
522,H.R.3624
523,H.R.3629
524,H.R.3630
525,H.R.3632
526,H.R.3633
527,H.R.3635
528,H.R.3642
529,H.R.3644
530,H.R.366
531,H.R.3666
532,H.R.367
533,H.R.3693
534,H.R.3694
535,H.R.3695
536,H.R.3699
537,H.R.370
538,H.R.3705
539,H.R.3708
540,H.R.3710
541,H.R.3719
542,H.R.3742
543,H.R.3746
544,H.R.3763
545,H.R.3772
546,H.R.3773
547,H.R.3781
548,H.R.3791
549,H.R.3794
550,H.R.3797
551,H.R.380
552,H.R.3806
553,H.R.3811
554,H.R.3819
555,H.R.3828
556,H.R.3836
557,H.R.3851
558,H.R.3857
559,H.R.3861
560,H.R.3872
561,H.R.3877
562,H.R.3884
563,H.R.3888
564,H.R.3890
565,H.R.3896
566,H.R.3900
567,H.R.3912
568,H.R.3915
569,H.R.392
570,H.R.3931
571,H.R.3941
572,H.R.3942
573,H.R.3943
574,H.R.395
575,H.R.3951
576,H.R.3956
577,H.R.3957
578,H.R.3960
579,H.R.3961
580,H.R.3969
581,H.R.397
582,H.R.3975
583,H.R.3991
584,H.R.3994
585,H.R.3999
586,H.R.4
587,H.R.4002
588,H.R.4004
589,H.R.4007
590,H.R.4015
591,H.R.4024
592,H.R.4027
593,H.R.4035
594,H.R.4037
595,H.R.4047
596,H.R.4048
597,H.R.4049
598,H.R.4051
599,H.R.4054
600,H.R.4066
601,H.R.4074
602,H.R.4075
603,H.R.4100
604,H.R.4106
605,H.R.4117
606,H.R.4119
607,H.R.4127
608,H.R.4128
609,H.R.4149
610,H.R.4164
611,H.R.4170
612,H.R.4171
613,H.R.4173
614,H.R.4179
615,H.R.4194
616,H.R.4217
617,H.R.4219
618,H.R.4223
619,H.R.4225
620,H.R.4227
621,H.R.4229
622,H.R.4230
623,H.R.4232
624,H.R.4234
625,H.R.4242
626,H.R.427
627,H.R.428
628,H.R.4296
629,H.R.4299
630,H.R.4306
631,H.R.431
632,H.R.4311
633,H.R.4320
634,H.R.4322
635,H.R.4329
636,H.R.4335
637,H.R.4337
638,H.R.4344
639,H.R.4347
640,H.R.4354
641,H.R.4374
642,H.R.4378
643,H.R.4385
644,H.R.4393
645,H.R.4398
646,H.R.4421
647,H.R.4425
648,H.R.4447
649,H.R.4455
650,H.R.4456
651,H.R.4459
652,H.R.4461
653,H.R.4462
654,H.R.4463
655,H.R.447
656,H.R.4476
657,H.R.4486
658,H.R.4487
659,H.R.4489
660,H.R.4492
661,H.R.4498
662,H.R.4500
663,H.R.4501
664,H.R.4506
665,H.R.4508
666,H.R.4509
667,H.R.451
668,H.R.4520
669,H.R.4521
670,H.R.4523
671,H.R.4537
672,H.R.454
673,H.R.4547
674,H.R.4549
675,H.R.4564
676,H.R.4565
677,H.R.4585
678,H.R.4592
679,H.R.4597
680,H.R.4604
681,H.R.4605
682,H.R.4610
683,H.R.4621
684,H.R.4624
685,H.R.4629
686,H.R.4634
687,H.R.4641
688,H.R.4642
689,H.R.4649
690,H.R.4674
691,H.R.4686
692,H.R.469
693,H.R.4690
694,H.R.4692
695,H.R.4695
696,H.R.4697
697,H.R.470
698,H.R.4700
699,H.R.4708
700,H.R.4709
701,H.R.471
702,H.R.4710
703,H.R.472
704,H.R.4742
705,H.R.4745
706,H.R.4752
707,H.R.4761
708,H.R.4779
709,H.R.478
710,H.R.4790
711,H.R.4796
712,H.R.4813
713,H.R.4841
714,H.R.4849
715,H.R.4855
716,H.R.4856
717,H.R.4863
718,H.R.4866
719,H.R.4871
720,H.R.4881
721,H.R.4884
722,H.R.4885
723,H.R.4895
724,H.R.4897
725,H.R.490
726,H.R.4910
727,H.R.4945
728,H.R.4953
729,H.R.4978
730,H.R.4982
731,H.R.4996
732,H.R.4998
733,H.R.5
734,H.R.5000
735,H.R.5035
736,H.R.5050
737,H.R.5055
738,H.R.5057
739,H.R.5076
740,H.R.5084
741,H.R.5089
742,H.R.5091
743,H.R.510
744,H.R.511
745,H.R.5111
746,H.R.5115
747,H.R.5116
748,H.R.5118
749,H.R.5119
750,H.R.5120
751,H.R.5125
752,H.R.5133
753,H.R.5138
754,H.R.5139
755,H.R.514
756,H.R.5140
757,H.R.5161
758,H.R.5165
759,H.R.5170
760,H.R.5175
761,H.R.518
762,H.R.5180
763,H.R.5184
764,H.R.5195
765,H.R.5197
766,H.R.5199
767,H.R.520
768,H.R.5209
769,H.R.5219
770,H.R.5221
771,H.R.5234
772,H.R.5238
773,H.R.5240
774,H.R.5243
775,H.R.5256
776,H.R.5258
777,H.R.5260
778,H.R.5270
779,H.R.5273
780,H.R.5279
781,H.R.5292
782,H.R.5296
783,H.R.5297
784,H.R.530
785,H.R.5306
786,H.R.5309
787,H.R.5314
788,H.R.5318
789,H.R.5322
790,H.R.5331
791,H.R.5332
792,H.R.5333
793,H.R.5336
794,H.R.535
795,H.R.5374
796,H.R.5376
797,H.R.5381
798,H.R.5393
799,H.R.5409
800,H.R.5415
801,H.R.5427
802,H.R.5428
803,H.R.543
804,H.R.5430
805,H.R.5435
806,H.R.5447
807,H.R.5450
808,H.R.5454
809,H.R.547
810,H.R.5470
811,H.R.5480
812,H.R.5494
813,H.R.55
814,H.R.5515
815,H.R.5518
816,H.R.5523
817,H.R.5527
818,H.R.5530
819,H.R.5534
820,H.R.5542
821,H.R.5544
822,H.R.5545
823,H.R.5552
824,H.R.5553
825,H.R.5561
826,H.R.5564
827,H.R.5567
828,H.R.5570
829,H.R.5573
830,H.R.5596
831,H.R.56
832,H.R.5607
833,H.R.5608
834,H.R.5619
835,H.R.5640
836,H.R.5659
837,H.R.5663
838,H.R.5666
839,H.R.5674
840,H.R.5676
841,H.R.5680
842,H.R.5685
843,H.R.5701
844,H.R.5703
845,H.R.5718
846,H.R.5721
847,H.R.5726
848,H.R.5758
849,H.R.5760
850,H.R.5776
851,H.R.5783
852,H.R.5800
853,H.R.5815
854,H.R.582
855,H.R.5823
856,H.R.5826
857,H.R.5827
858,H.R.583
859,H.R.5833
860,H.R.584
861,H.R.5841
862,H.R.5845
863,H.R.5850
864,H.R.5858
865,H.R.5859
866,H.R.5877
867,H.R.5881
868,H.R.5894
869,H.R.5895
870,H.R.5901
871,H.R.5906
872,H.R.5908
873,H.R.5911
874,H.R.5918
875,H.R.592
876,H.R.5926
877,H.R.5928
878,H.R.5929
879,H.R.5930
880,H.R.5933
881,H.R.5952
882,H.R.5958
883,H.R.596
884,H.R.5963
885,H.R.5974
886,H.R.5982
887,H.R.5983
888,H.R.5991
889,H.R.6
890,H.R.6000
891,H.R.6021
892,H.R.6049
893,H.R.6058
894,H.R.6062
895,H.R.6066
896,H.R.6072
897,H.R.6074
898,H.R.6080
899,H.R.6096
900,H.R.6097
901,H.R.6102
902,H.R.6128
903,H.R.6136
904,H.R.6142
905,H.R.6157
906,H.R.6160
907,H.R.6179
908,H.R.618
909,H.R.6190
910,H.R.6196
911,H.R.6197
912,H.R.6199
913,H.R.6201
914,H.R.6207
915,H.R.6210
916,H.R.6216
917,H.R.6218
918,H.R.6223
919,H.R.6224
920,H.R.6225
921,H.R.6226
922,H.R.6227
923,H.R.6235
924,H.R.6237
925,H.R.624
926,H.R.6256
927,H.R.6257
928,H.R.6274
929,H.R.6276
930,H.R.6284
931,H.R.6295
932,H.R.6321
933,H.R.6338
934,H.R.6339
935,H.R.6359
936,H.R.6364
937,H.R.6371
938,H.R.6378
939,H.R.6379
940,H.R.6383
941,H.R.6385
942,H.R.6388
943,H.R.6393
944,H.R.6394
945,H.R.6395
946,H.R.6396
947,H.R.6397
948,H.R.6399
949,H.R.641
950,H.R.6431
951,H.R.6435
952,H.R.6443
953,H.R.6456
954,H.R.6457
955,H.R.6474
956,H.R.648
957,H.R.6482
958,H.R.6488
959,H.R.6491
960,H.R.6494
961,H.R.6495
962,H.R.6497
963,H.R.6505
964,H.R.6514
965,H.R.6531
966,H.R.6561
967,H.R.6562
968,H.R.6563
969,H.R.6566
970,H.R.6573
971,H.R.6580
972,H.R.6600
973,H.R.6606
974,H.R.6624
975,H.R.6637
976,H.R.6644
977,H.R.6661
978,H.R.6670
979,H.R.6675
980,H.R.6688
981,H.R.6690
982,H.R.6700
983,H.R.6704
984,H.R.6708
985,H.R.6723
986,H.R.6732
987,H.R.6743
988,H.R.6747
989,H.R.675
990,H.R.6757
991,H.R.6776
992,H.R.6783
993,H.R.6789
994,H.R.680
995,H.R.6800
996,H.R.6802
997,H.R.6810
998,H.R.6814
999,H.R.6816
1000,H.R.6821
1001,H.R.6824
1002,H.R.6844
1003,H.R.6866
1004,H.R.6880
1005,H.R.6881
1006,H.R.6886
1007,H.R.690
1008,H.R.6910
1009,H.R.6913
1010,H.R.6930
1011,H.R.695
1012,H.R.6952
1013,H.R.6958
1014,H.R.6965
1015,H.R.6978
1016,H.R.6982
1017,H.R.6983
1018,H.R.6989
1019,H.R.6994
1020,H.R.6995
1021,H.R.7000
1022,H.R.7008
1023,H.R.7010
1024,H.R.7011
1025,H.R.7014
1026,H.R.7015
1027,H.R.7016
1028,H.R.7019
1029,H.R.7020
1030,H.R.7022
1031,H.R.705
1032,H.R.7058
1033,H.R.7059
1034,H.R.7065
1035,H.R.7079
1036,H.R.7092
1037,H.R.7095
1038,H.R.7096
1039,H.R.7105
1040,H.R.7120
1041,H.R.7130
1042,H.R.7141
1043,H.R.7160
1044,H.R.7172
1045,H.R.7177
1046,H.R.7178
1047,H.R.7179
1048,H.R.7182
1049,H.R.7186
1050,H.R.7188
1051,H.R.7197
1052,H.R.7205
1053,H.R.721
1054,H.R.7228
1055,H.R.7286
1056,H.R.7287
1057,H.R.7290
1058,H.R.7302
1059,H.R.7308
1060,H.R.7310
1061,H.R.7317
1062,H.R.7327
1063,H.R.7328
1064,H.R.7330
1065,H.R.7333
1066,H.R.7334
1067,H.R.7335
1068,H.R.7337
1069,H.R.7344
1070,H.R.7350
1071,H.R.7352
1072,H.R.7353
1073,H.R.7355
1074,H.R.7357
1075,H.R.7359
1076,H.R.7360
1077,H.R.7361
1078,H.R.7362
1079,H.R.7363
1080,H.R.7364
1081,H.R.7373
1082,H.R.7374
1083,H.R.7377
1084,H.R.7378
1085,H.R.739
1086,H.R.7393
1087,H.R.7394
1088,H.R.7410
1089,H.R.7412
1090,H.R.7440
1091,H.R.7447
1092,H.R.7457
1093,H.R.748
1094,H.R.7489
1095,H.R.7494
1096,H.R.7516
1097,H.R.7520
1098,H.R.7527
1099,H.R.7528
1100,H.R.754
1101,H.R.756
1102,H.R.7574
1103,H.R.7575
1104,H.R.7608
1105,H.R.7609
1106,H.R.761
1107,H.R.7610
1108,H.R.7611
1109,H.R.7612
1110,H.R.7613
1111,H.R.7614
1112,H.R.7615
1113,H.R.7616
1114,H.R.7617
1115,H.R.763
1116,H.R.764
1117,H.R.7641
1118,H.R.7647
1119,H.R.7651
1120,H.R.7658
1121,H.R.7659
1122,H.R.7665
1123,H.R.7667
1124,H.R.7668
1125,H.R.7669
1126,H.R.7688
1127,H.R.7734
1128,H.R.7753
1129,H.R.7756
1130,H.R.7777
1131,H.R.78
1132,H.R.7806
1133,H.R.7809
1134,H.R.7814
1135,H.R.7821
1136,H.R.7839
1137,H.R.7856
1138,H.R.7867
1139,H.R.7904
1140,H.R.7940
1141,H.R.7952
1142,H.R.7956
1143,H.R.7972
1144,H.R.7973
1145,H.R.7978
1146,H.R.7990
1147,H.R.8
1148,H.R.8000
1149,H.R.8002
1150,H.R.8015
1151,H.R.803
1152,H.R.8037
1153,H.R.8056
1154,H.R.806
1155,H.R.8061
1156,H.R.8072
1157,H.R.8082
1158,H.R.8083
1159,H.R.8085
1160,H.R.811
1161,H.R.8115
1162,H.R.8121
1163,H.R.8123
1164,H.R.8129
1165,H.R.8132
1166,H.R.8134
1167,H.R.8154
1168,H.R.8175
1169,H.R.8235
1170,H.R.824
1171,H.R.8245
1172,H.R.8254
1173,H.R.8258
1174,H.R.8265
1175,H.R.8279
1176,H.R.8296
1177,H.R.830
1178,H.R.8303
1179,H.R.8308
1180,H.R.8319
1181,H.R.832
1182,H.R.8323
1183,H.R.8324
1184,H.R.8329
1185,H.R.8337
1186,H.R.8343
1187,H.R.8345
1188,H.R.8350
1189,H.R.8355
1190,H.R.8375
1191,H.R.8379
1192,H.R.838
1193,H.R.8406
1194,H.R.8408
1195,H.R.8440
1196,H.R.8454
1197,H.R.8478
1198,H.R.8480
1199,H.R.8496
1200,H.R.85
1201,H.R.8504
1202,H.R.851
1203,H.R.8517
1204,H.R.8524
1205,H.R.854
1206,H.R.8545
1207,H.R.8547
1208,H.R.8576
1209,H.R.8595
1210,H.R.8596
1211,H.R.8606
1212,H.R.861
1213,H.R.863
1214,H.R.8650
1215,H.R.8659
1216,H.R.8695
1217,H.R.8696
1218,H.R.8698
1219,H.R.8702
1220,H.R.8719
1221,H.R.873
1222,H.R.8769
1223,H.R.8786
1224,H.R.8791
1225,H.R.8802
1226,H.R.8807
1227,H.R.8832
1228,H.R.8834
1229,H.R.8840
1230,H.R.8884
1231,H.R.8896
1232,H.R.8900
1233,H.R.8920
1234,H.R.8922
1235,H.R.895
1236,H.R.8959
1237,H.R.896
1238,H.R.8960
1239,H.R.8990
1240,H.R.9
1241,H.R.9015
1242,H.R.9054
1243,H.R.907
1244,H.R.911
1245,H.R.925
1246,H.R.938
1247,H.R.940
1248,H.R.946
1249,H.R.947
1250,H.R.948
1251,H.R.965
1252,H.R.969
1253,H.R.976
1254,H.R.978
1255,H.R.982
1256,H.R.985
1257,H.R.986
1258,H.R.987
1259,H.R.990
1260,H.R.991
1261,H.RES.109
1262,H.RES.1100
1263,H.RES.1243
1264,H.RES.153
1265,H.RES.328
1266,H.RES.431
1267,H.RES.478
1268,H.RES.549
1269,H.RES.575
1270,H.RES.757
1271,H.RES.810
1272,H.RES.896
1273,H.RES.904
1274,H.RES.908
1275,H1
1276,H4
1277,S.0000
1278,S.052
1279,S.1
1280,S.1004
1281,S.1005
1282,S.1010
1283,S.1011
1284,S.1012
1285,S.1018
1286,S.1019
1287,S.102
1288,S.1020
1289,S.1022
1290,S.1023
1291,S.1028
1292,S.1032
1293,S.1048
1294,S.1053
1295,S.1060
1296,S.1081
1297,S.1084
1298,S.1085
1299,S.1087
1300,S.1089
1301,S.1094
1302,S.1097
1303,S.1102
1304,S.1105
1305,S.1108
1306,S.1111
1307,S.1112
1308,S.1116
1309,S.1125
1310,S.1128
1311,S.1134
1312,S.1139
1313,S.1140
1314,S.1142
1315,S.1144
1316,S.1151
1317,S.1152
1318,S.1167
1319,S.1169
1320,S.1177
1321,S.1178
1322,S.1200
1323,S.1201
1324,S.1202
1325,S.1206
1326,S.1209
1327,S.1214
1328,S.1215
1329,S.1224
1330,S.1225
1331,S.1227
1332,S.1228
1333,S.1234
1334,S.124
1335,S.1242
1336,S.1245
1337,S.1250
1338,S.1253
1339,S.1254
1340,S.1258
1341,S.1261
1342,S.1266
1343,S.1273
1344,S.1280
1345,S.1282
1346,S.1288
1347,S.1289
1348,S.1291
1349,S.1294
1350,S.1298
1351,S.13
1352,S.1300
1353,S.1302
1354,S.1306
1355,S.1313
1356,S.1323
1357,S.1328
1358,S.1330
1359,S.1343
1360,S.1356
1361,S.1359
1362,S.136
1363,S.1360
1364,S.1361
1365,S.1363
1366,S.1368
1367,S.1371
1368,S.1372
1369,S.1375
1370,S.1379
1371,S.1384
1372,S.1391
1373,S.1396
1374,S.1398
1375,S.1405
1376,S.1416
1377,S.1419
1378,S.142
1379,S.1427
1380,S.1428
1381,S.1431
1382,S.1435
1383,S.1437
1384,S.1441
1385,S.145
1386,S.1457
1387,S.1460
1388,S.1463
1389,S.1466
1390,S.1473
1391,S.1479
1392,S.1484
1393,S.1487
1394,S.149
1395,S.1497
1396,S.1498
1397,S.150
1398,S.1507
1399,S.1509
1400,S.151
1401,S.1520
1402,S.1522
1403,S.1531
1404,S.1532
1405,S.1533
1406,S.1534
1407,S.1541
1408,S.1558
1409,S.1560
1410,S.1564
1411,S.1569
1412,S.1571
1413,S.1574
1414,S.1578
1415,S.1586
1416,S.1587
1417,S.1589
1418,S.1593
1419,S.1601
1420,S.1602
1421,S.1611
1422,S.1617
1423,S.1624
1424,S.1625
1425,S.1628
1426,S.1629
1427,S.1631
1428,S.1636
1429,S.1641
1430,S.1655
1431,S.1664
1432,S.1665
1433,S.1669
1434,S.1676
1435,S.1685
1436,S.1691
1437,S.1693
1438,S.1699
1439,S.1700
1440,S.1703
1441,S.1706
1442,S.171
1443,S.1712
1444,S.1716
1445,S.172
1446,S.174
1447,S.1748
1448,S.175
1449,S.1750
1450,S.1760
1451,S.1761
1452,S.1763
1453,S.1767
1454,S.178
1455,S.1789
1456,S.1790
1457,S.1801
1458,S.1810
1459,S.1811
1460,S.1822
1461,S.1830
1462,S.1832
1463,S.1839
1464,S.1840
1465,S.1841
1466,S.1850
1467,S.1857
1468,S.1868
1469,S.1871
1470,S.1872
1471,S.1877
1472,S.1885
1473,S.189
1474,S.1890
1475,S.1895
1476,S.1897
1477,S.19
1478,S.190
1479,S.1900
1480,S.1914
1481,S.1926
1482,S.1939
1483,S.1948
1484,S.1950
1485,S.1953
1486,S.1955
1487,S.1958
1488,S.1965
1489,S.1968
1490,S.1970
1491,S.1976
1492,S.1978
1493,S.1979
1494,S.1981
1495,S.1982
1496,S.1988
1497,S.1989
1498,S.1992
1499,S.2
1500,S.2004
1501,S.2012
1502,S.2015
1503,S.203
1504,S.2033
1505,S.2038
1506,S.2039
1507,S.2040
1508,S.2041
1509,S.205
1510,S.2056
1511,S.2065
1512,S.207
1513,S.2075
1514,S.2081
1515,S.2082
1516,S.2088
1517,S.2093
1518,S.2094
1519,S.2095
1520,S.2098
1521,S.2137
1522,S.2153
1523,S.2154
1524,S.2155
1525,S.2160
1526,S.2178
1527,S.2186
1528,S.2187
1529,S.22
1530,S.2200
1531,S.2201
1532,S.2203
1533,S.2208
1534,S.2220
1535,S.2223
1536,S.2229
1537,S.2241
1538,S.2243
1539,S.2246
1540,S.2249
1541,S.2254
1542,S.2263
1543,S.2270
1544,S.2281
1545,S.2284
1546,S.2289
1547,S.2293
1548,S.2297
1549,S.2299
1550,S.2300
1551,S.2302
1552,S.2303
1553,S.2306
1554,S.2312
1555,S.2313
1556,S.2332
1557,S.2333
1558,S.2338
1559,S.2341
1560,S.2342
1561,S.2344
1562,S.2346
1563,S.2352
1564,S.2364
1565,S.2368
1566,S.2370
1567,S.2371
1568,S.2372
1569,S.2383
1570,S.2391
1571,S.2393
1572,S.2400
1573,S.2402
1574,S.2414
1575,S.2415
1576,S.2418
1577,S.2431
1578,S.2433
1579,S.2437
1580,S.2438
1581,S.2439
1582,S.2447
1583,S.245
1584,S.2453
1585,S.2454
1586,S.2463
1587,S.2469
1588,S.247
1589,S.2470
1590,S.2474
1591,S.2502
1592,S.2506
1593,S.2517
1594,S.2519
1595,S.2520
1596,S.2522
1597,S.2524
1598,S.2526
1599,S.2532
1600,S.2538
1601,S.2542
1602,S.2543
1603,S.2546
1604,S.2548
1605,S.2556
1606,S.2557
1607,S.2561
1608,S.2563
1609,S.2568
1610,S.2577
1611,S.2580
1612,S.2582
1613,S.2583
1614,S.2584
1615,S.2588
1616,S.2589
1617,S.2593
1618,S.2597
1619,S.260
1620,S.2602
1621,S.2604
1622,S.2605
1623,S.2606
1624,S.2611
1625,S.2637
1626,S.2639
1627,S.2641
1628,S.2644
1629,S.2646
1630,S.265
1631,S.2652
1632,S.2657
1633,S.2658
1634,S.266
1635,S.2660
1636,S.2661
1637,S.2662
1638,S.2666
1639,S.2677
1640,S.2680
1641,S.2681
1642,S.2693
1643,S.270
1644,S.2700
1645,S.2723
1646,S.2728
1647,S.273
1648,S.2731
1649,S.2740
1650,S.2741
1651,S.2751
1652,S.2754
1653,S.2760
1654,S.2761
1655,S.2763
1656,S.2770
1657,S.2771
1658,S.2775
1659,S.2789
1660,S.2800
1661,S.281
1662,S.2816
1663,S.2823
1664,S.283
1665,S.2837
1666,S.2839
1667,S.2840
1668,S.2844
1669,S.2848
1670,S.2852
1671,S.2858
1672,S.287
1673,S.2873
1674,S.2877
1675,S.2878
1676,S.2881
1677,S.2882
1678,S.2898
1679,S.29
1680,S.2903
1681,S.2908
1682,S.2911
1683,S.2917
1684,S.2921
1685,S.2922
1686,S.2932
1687,S.2934
1688,S.2941
1689,S.2947
1690,S.2955
1691,S.2956
1692,S.2960
1693,S.2961
1694,S.2962
1695,S.2965
1696,S.2968
1697,S.2975
1698,S.2976
1699,S.2979
1700,S.2986
1701,S.2987
1702,S.2989
1703,S.2999
1704,S.300
1705,S.3007
1706,S.3013
1707,S.3016
1708,S.3023
1709,S.3024
1710,S.3032
1711,S.3040
1712,S.3042
1713,S.3043
1714,S.3045
1715,S.3049
1716,S.3052
1717,S.306
1718,S.3072
1719,S.3073
1720,S.3084
1721,S.3085
1722,S.3095
1723,S.3107
1724,S.3108
1725,S.3109
1726,S.3111
1727,S.3112
1728,S.3116
1729,S.3129
1730,S.3143
1731,S.3144
1732,S.3152
1733,S.3158
1734,S.3159
1735,S.317
1736,S.3174
1737,S.3180
1738,S.3189
1739,S.3200
1740,S.321
1741,S.3218
1742,S.322
1743,S.3223
1744,S.3227
1745,S.3236
1746,S.3240
1747,S.3246
1748,S.3247
1749,S.3250
1750,S.3263
1751,S.3264
1752,S.3269
1753,S.3277
1754,S.328
1755,S.3280
1756,S.3281
1757,S.3282
1758,S.329
1759,S.3296
1760,S.3300
1761,S.3303
1762,S.333
1763,S.3336
1764,S.3337
1765,S.3341
1766,S.3343
1767,S.3353
1768,S.3358
1769,S.3360
1770,S.337
1771,S.3372
1772,S.3394
1773,S.3398
1774,S.340
1775,S.3404
1776,S.3411
1777,S.3412
1778,S.3416
1779,S.3417
1780,S.3422
1781,S.343
1782,S.3431
1783,S.3432
1784,S.344
1785,S.3441
1786,S.3449
1787,S.345
1788,S.3456
1789,S.3457
1790,S.3458
1791,S.3463
1792,S.3466
1793,S.3468
1794,S.3469
1795,S.3471
1796,S.3476
1797,S.350
1798,S.3502
1799,S.352
1800,S.3522
1801,S.3533
1802,S.3535
1803,S.3537
1804,S.3538
1805,S.354
1806,S.3546
1807,S.3548
1808,S.3559
1809,S.3569
1810,S.3574
1811,S.3576
1812,S.3584
1813,S.3590
1814,S.3591
1815,S.3597
1816,S.3599
1817,S.3607
1818,S.3612
1819,S.362
1820,S.3629
1821,S.3635
1822,S.3649
1823,S.365
1824,S.3655
1825,S.366
1826,S.3663
1827,S.3676
1828,S.3677
1829,S.3681
1830,S.3687
1831,S.3688
1832,S.3690
1833,S.3695
1834,S.370
1835,S.3701
1836,S.3705
1837,S.3707
1838,S.3712
1839,S.3715
1840,S.3717
1841,S.3718
1842,S.3727
1843,S.3728
1844,S.3730
1845,S.3735
1846,S.3741
1847,S.3744
1848,S.3749
1849,S.3756
1850,S.377
1851,S.378
1852,S.3780
1853,S.3781
1854,S.3782
1855,S.3795
1856,S.3798
1857,S.3814
1858,S.3816
1859,S.3829
1860,S.383
1861,S.3831
1862,S.3832
1863,S.3833
1864,S.3838
1865,S.384
1866,S.385
1867,S.386
1868,S.3861
1869,S.3866
1870,S.3873
1871,S.3876
1872,S.3890
1873,S.3894
1874,S.3897
1875,S.3900
1876,S.3905
1877,S.3933
1878,S.3938
1879,S.3942
1880,S.3944
1881,S.3945
1882,S.3946
1883,S.3952
1884,S.3962
1885,S.3964
1886,S.3965
1887,S.3969
1888,S.3971
1889,S.398
1890,S.3983
1891,S.3985
1892,S.3995
1893,S.4012
1894,S.4015
1895,S.4021
1896,S.4022
1897,S.4029
1898,S.403
1899,S.4031
1900,S.4034
1901,S.4041
1902,S.4049
1903,S.4051
1904,S.4060
1905,S.4062
1906,S.4066
1907,S.407
1908,S.4095
1909,S.4103
1910,S.411
1911,S.4113
1912,S.4116
1913,S.4117
1914,S.4123
1915,S.4124
1916,S.4130
1917,S.4131
1918,S.4148
1919,S.4159
1920,S.4173
1921,S.4174
1922,S.4177
1923,S.4178
1924,S.418
1925,S.419
1926,S.4192
1927,S.4198
1928,S.4199
1929,S.4201
1930,S.4214
1931,S.4231
1932,S.4234
1933,S.4239
1934,S.425
1935,S.4258
1936,S.4264
1937,S.4285
1938,S.4290
1939,S.4295
1940,S.4297
1941,S.4299
1942,S.4317
1943,S.4318
1944,S.4319
1945,S.4320
1946,S.4321
1947,S.4322
1948,S.4323
1949,S.4324
1950,S.4325
1951,S.4329
1952,S.4331
1953,S.4336
1954,S.435
1955,S.4361
1956,S.4365
1957,S.4371
1958,S.440
1959,S.4402
1960,S.4406
1961,S.4408
1962,S.4411
1963,S.4422
1964,S.4431
1965,S.4436
1966,S.4440
1967,S.4449
1968,S.4472
1969,S.4473
1970,S.448
1971,S.4484
1972,S.4511
1973,S.4514
1974,S.4515
1975,S.4524
1976,S.4529
1977,S.4534
1978,S.4537
1979,S.4574
1980,S.4578
1981,S.4589
1982,S.460
1983,S.4613
1984,S.4623
1985,S.4626
1986,S.4629
1987,S.463
1988,S.4631
1989,S.4632
1990,S.4634
1991,S.4642
1992,S.4670
1993,S.4675
1994,S.4681
1995,S.469
1996,S.4694
1997,S.47
1998,S.470
1999,S.471
2000,S.472
2001,S.4722
2002,S.4729
2003,S.4731
2004,S.4738
2005,S.474
2006,S.475
2007,S.4755
2008,S.4756
2009,S.4758
2010,S.476
2011,S.4760
2012,S.4772
2013,S.4774
2014,S.4775
2015,S.4778
2016,S.4784
2017,S.4789
2018,S.4792
2019,S.4795
2020,S.4801
2021,S.4803
2022,S.4807
2023,S.4818
2024,S.482
2025,S.4820
2026,S.4821
2027,S.4822
2028,S.4828
2029,S.483
2030,S.4840
2031,S.4870
2032,S.488
2033,S.4897
2034,S.4906
2035,S.4913
2036,S.4918
2037,S.4931
2038,S.4947
2039,S.4952
2040,S.4961
2041,S.4966
2042,S.4967
2043,S.4975
2044,S.4982
2045,S.500
2046,S.5007
2047,S.5020
2048,S.5035
2049,S.5041
2050,S.5047
2051,S.5058
2052,S.5064
2053,S.5069
2054,S.5078
2055,S.5085
2056,S.510
2057,S.511
2058,S.518
2059,S.540
2060,S.543
2061,S.546
2062,S.551
2063,S.558
2064,S.563
2065,S.569
2066,S.571
2067,S.583
2068,S.584
2069,S.592
2070,S.603
2071,S.604
2072,S.607
2073,S.61
2074,S.610
2075,S.611
2076,S.612
2077,S.616
2078,S.617
2079,S.62
2080,S.626
2081,S.630
2082,S.635
2083,S.637
2084,S.638
2085,S.64
2086,S.640
2087,S.647
2088,S.649
2089,S.650
2090,S.655
2091,S.656
2092,S.657
2093,S.658
2094,S.659
2095,S.660
2096,S.664
2097,S.665
2098,S.669
2099,S.670
2100,S.671
2101,S.674
2102,S.675
2103,S.680
2104,S.682
2105,S.684
2106,S.691
2107,S.692
2108,S.693
2109,S.7
2110,S.700
2111,S.7012
2112,S.709
2113,S.713
2114,S.715
2115,S.717
2116,S.724
2117,S.726
2118,S.73
2119,S.733
2120,S.734
2121,S.738
2122,S.741
2123,S.743
2124,S.747
2125,S.748
2126,S.750
2127,S.755
2128,S.757
2129,S.760
2130,S.762
2131,S.764
2132,S.765
2133,S.766
2134,S.773
2135,S.7756
2136,S.779
2137,S.780
2138,S.783
2139,S.785
2140,S.788
2141,S.790
2142,S.792
2143,S.794
2144,S.80
2145,S.800
2146,S.801
2147,S.803
2148,S.806
2149,S.812
2150,S.816
2151,S.822
2152,S.826
2153,S.833
2154,S.839
2155,S.842
2156,S.844
2157,S.846
2158,S.847
2159,S.852
2160,S.858
2161,S.859
2162,S.874
2163,S.876
2164,S.881
2165,S.893
2166,S.895
2167,S.9
2168,S.903
2169,S.904
2170,S.911
2171,S.914
2172,S.915
2173,S.916
2174,S.918
2175,S.919
2176,S.920
2177,S.926
2178,S.940
2179,S.945
2180,S.946
2181,S.950
2182,S.952
2183,S.954
2184,S.97
2185,S.972
2186,S.974
2187,S.975
2188,S.976
2189,S.977
2190,S.978
2191,S.979
2192,S.981
2193,S.988
2194,S.989
2195,S.99
2196,S.990
2197,S.993
2198,S.AMDT.2652
2199,S.CON.RES.12
2200,S.CON.RES.2
2201,S.CON.RES.5
2202,S.J.RES.2
2203,S.J.RES.36
2204,S.J.RES.42
2205,S.J.RES.59
2206,S.J.RES.77
2207,S.J.RES.78
2208,S.J.RES.8
2209,S.RES.205
2210,S.RES.27
2211,S.RES.34
2212,S.RES.47
2213,S.RES.580
2214,S.RES.59
2215,S.RES.693
2216,S.RES.768
2217,SJ.8
2218,SJ.9
