client_name,community_aff,community_bc,stability,degree_aff,degree_bc,intra_edges_aff,cross_edges_aff,participation_aff,intra_edges_bc,cross_edges_bc,participation_bc
3M,0,0.0,stable,414,35.87421802754385,193.0,221.0,0.6622,17.1706,18.7036,0.6642
ABBOTT LABORATORIES,3,0.0,cross-community,110,12.076845311903863,44.0,66.0,0.6355,6.2472,5.8296,0.617
ABM INDUSTRIES,2,2.0,stable,80,1.7026294340373387,58.0,22.0,0.3987,1.1,0.6027,0.4573
ADOBE,0,0.0,stable,213,16.20609341207982,159.0,54.0,0.4007,9.3549,6.8512,0.5554
ADVANCED MICRO DEVICES,0,0.0,stable,28,2.6358992580380645,26.0,2.0,0.1327,2.0374,0.5985,0.351
AECOM,0,0.0,stable,321,28.468010926050493,210.0,111.0,0.5155,17.5373,10.9307,0.5572
AES,2,2.0,stable,127,10.054284816350993,89.0,38.0,0.455,7.7888,2.2654,0.3736
AFLAC,3,3.0,stable,60,5.71870536474367,23.0,37.0,0.7289,2.8118,2.9069,0.6408
AK STEEL HOLDING,4,4.0,stable,44,4.41125531601627,21.0,23.0,0.6312,2.6549,1.7564,0.5655
ALASKA AIR GROUP,0,0.0,stable,233,20.12263311771279,176.0,57.0,0.409,13.2356,6.887,0.5253
ALLSTATE,1,1.0,stable,292,24.026227482154066,236.0,56.0,0.3284,17.3672,6.659,0.4475
ALLY FINANCIAL,1,1.0,stable,87,9.058425222937634,56.0,31.0,0.5449,6.1523,2.9061,0.5075
ALPHABET,0,0.0,stable,133,13.278515309607393,86.0,47.0,0.5472,8.095,5.1835,0.5778
ALTRIA GROUP,0,3.0,cross-community,304,23.83621928330769,138.0,166.0,0.698,4.5874,19.2489,0.7443
AMAZON,0,0.0,stable,571,35.52201581276022,359.0,212.0,0.5649,16.0968,19.4252,0.7025
AMEREN,2,2.0,stable,301,28.61299111060603,192.0,109.0,0.5359,14.7655,13.8475,0.6302
AMERICAN AIRLINES GROUP,0,0.0,stable,371,23.925415418558913,252.0,119.0,0.5053,11.8801,12.0453,0.6662
AMERICAN ELECTRIC POWER,2,2.0,stable,441,19.839218874021896,396.0,45.0,0.1885,15.0252,4.814,0.3984
AMERICAN EXPRESS,1,1.0,stable,155,20.621096218673426,73.0,82.0,0.6799,9.2292,11.3919,0.7029
AMERICAN TOWER,0,0.0,stable,78,8.521460842132562,46.0,32.0,0.5523,4.414,4.1074,0.6108
AMERIPRISE FINANCIAL,1,1.0,stable,518,37.13159452722486,340.0,178.0,0.533,17.3942,19.7374,0.6907
AMERISOURCEBERGEN,3,3.0,stable,50,5.007813350499593,29.0,21.0,0.5632,2.3763,2.6315,0.6072
AMGEN,3,3.0,stable,327,21.87947798721488,235.0,92.0,0.4499,11.4979,10.3816,0.6383
ANIXTER INTERNATIONAL,2,2.0,stable,329,25.03540803213537,160.0,169.0,0.5992,11.4505,13.5849,0.6202
ANTHEM,1,3.0,cross-community,6,0.6266525488183265,4.0,2.0,0.4444,0.3487,0.2779,0.4936
APPLE,0,0.0,stable,90,9.739759941993322,62.0,28.0,0.4896,6.2494,3.4904,0.5496
APPLIED MATERIALS,0,0.0,stable,261,26.06440993181754,163.0,98.0,0.5481,14.0279,12.0365,0.6084
ARAMARK,0,3.0,cross-community,50,4.086629408230409,27.0,23.0,0.6352,1.1956,2.891,0.7352
ARCONIC,4,2.0,cross-community,14,1.3146713994616601,2.0,12.0,0.6633,0.6316,0.6831,0.612
ARTHUR J. GALLAGHER,2,5.0,cross-community,19,1.0366464801211202,15.0,4.0,0.349,0.4818,0.5548,0.6447
ASSURANT,1,1.0,stable,52,5.257102493516403,33.0,19.0,0.5429,4.5683,0.6888,0.2379
AT&T,0,2.0,cross-community,683,38.17772609396042,350.0,333.0,0.661,10.4931,27.6846,0.752
BALL,0,0.0,stable,341,27.957141840110168,217.0,124.0,0.5494,16.8337,11.1235,0.5756
BANK OF AMERICA,1,1.0,stable,161,19.392584597801164,111.0,50.0,0.4846,13.9474,5.4451,0.4507
BAXTER INTERNATIONAL,3,3.0,stable,243,24.572100611565634,92.0,151.0,0.6984,8.3938,16.1783,0.7192
BECTON DICKINSON,3,3.0,stable,261,28.390153482119704,99.0,162.0,0.6576,9.3175,19.0726,0.6933
BERKSHIRE HATHAWAY,2,0.0,cross-community,1161,28.528137218619875,790.0,371.0,0.4764,13.0677,15.4605,0.6643
BIOGEN,3,3.0,stable,147,11.53482157969904,126.0,21.0,0.2549,8.7717,2.7631,0.3983
BLACKROCK,1,1.0,stable,152,17.14323625777577,97.0,55.0,0.5547,10.0752,7.068,0.5983
BLACKSTONE GROUP,3,3.0,stable,71,5.166388473021549,57.0,14.0,0.3368,4.296,0.8704,0.2974
BOEING,0,0.0,stable,602,43.776388038014375,286.0,316.0,0.6896,17.1195,26.6569,0.7289
BOOKING HOLDINGS,1,1.0,stable,1,0.027185257435959335,1.0,0.0,0.0,0.0272,0.0,0.0
BOOZ ALLEN HAMILTON,0,0.0,stable,197,14.908573423142862,155.0,42.0,0.3626,11.5006,3.408,0.3864
BORGWARNER,0,2.0,cross-community,18,1.5509890813186156,13.0,5.0,0.4259,0.7305,0.8205,0.4983
BOSTON SCIENTIFIC,3,3.0,stable,41,5.0805080619595975,14.0,27.0,0.677,1.6941,3.3864,0.6962
BRISTOL-MYERS SQUIBB,3,3.0,stable,433,24.547958364918554,277.0,156.0,0.5242,11.9567,12.5913,0.6538
BROADCOM,0,0.0,stable,1,0.02166279698973539,1.0,0.0,0.0,0.0217,0.0,0.0
CALPINE,2,2.0,stable,353,25.346778322234098,297.0,56.0,0.2821,18.1322,7.2146,0.4561
CAMPBELL SOUP,4,0.0,cross-community,9,1.0991500875521079,6.0,3.0,0.4444,0.9142,0.1849,0.2799
CAPITAL ONE FINANCIAL,1,1.0,stable,160,18.17093991491981,84.0,76.0,0.6466,7.9388,10.2321,0.706
CARDINAL HEALTH,3,3.0,stable,41,4.571899104747245,18.0,23.0,0.6401,2.1851,2.3867,0.6383
CATERPILLAR,3,2.0,cross-community,326,34.42945431274428,61.0,265.0,0.7392,10.8077,23.6218,0.746
CBS,1,1.0,stable,56,6.530702706223891,28.0,28.0,0.6358,3.1651,3.3656,0.6381
CELANESE,1,1.0,stable,30,0.9160353436266242,12.0,18.0,0.7,0.5266,0.3895,0.6055
CELGENE,3,3.0,stable,70,5.552210198473502,65.0,5.0,0.1359,4.3844,1.1678,0.361
CENTENE,3,3.0,stable,126,12.826082592146655,96.0,30.0,0.3997,8.9454,3.8807,0.4831
CENTERPOINT ENERGY,2,2.0,stable,362,18.180953980843977,328.0,34.0,0.176,13.5764,4.6046,0.422
CHARLES SCHWAB,1,1.0,stable,113,12.4730761138556,96.0,17.0,0.2689,10.3532,2.1199,0.3009
CHEMOURS,2,2.0,stable,89,12.325876036604376,50.0,39.0,0.5671,7.2767,5.0492,0.5556
CHENIERE ENERGY,2,2.0,stable,28,1.3744426375354049,25.0,3.0,0.1913,1.3415,0.0329,0.0468
CHEVRON,2,2.0,stable,69,3.234873116084307,33.0,36.0,0.6864,1.5151,1.7198,0.6546
CHS,2,2.0,stable,92,7.973581471477162,38.0,54.0,0.7328,3.9163,4.0573,0.6446
CIGNA,3,3.0,stable,393,30.491267782558943,223.0,170.0,0.6148,13.4072,17.0841,0.7052
CISCO SYSTEMS,0,0.0,stable,161,16.992292017138986,115.0,46.0,0.4677,9.9067,7.0856,0.6016
CITIGROUP,1,1.0,stable,150,14.414960092368636,76.0,74.0,0.673,8.0716,6.3434,0.6094
CITIZENS FINANCIAL GROUP,1,1.0,stable,77,5.97959808283174,60.0,17.0,0.3724,4.7951,1.1845,0.341
CLOROX,3,2.0,cross-community,4,0.4367030240663612,3.0,1.0,0.375,0.3829,0.0538,0.2161
CMS ENERGY,2,2.0,stable,1066,36.129393017926645,792.0,274.0,0.4112,14.6309,21.4985,0.6758
COCA-COLA,4,4.0,stable,217,20.24443972950307,68.0,149.0,0.7502,3.696,16.5484,0.7533
COGNIZANT TECHNOLOGY SOLUTIONS,0,0.0,stable,105,9.82901751381563,74.0,31.0,0.4791,6.9561,2.8729,0.475
COMCAST,0,3.0,cross-community,199,9.5407189410048,92.0,107.0,0.6872,1.9762,7.5645,0.7432
CONAGRA BRANDS,0,0.0,stable,5,0.5691704612324354,4.0,1.0,0.32,0.386,0.1832,0.4365
CONOCOPHILLIPS,2,2.0,stable,172,18.103556032908216,82.0,90.0,0.6324,7.2198,10.8838,0.6674
CONSTELLATION BRANDS,1,1.0,stable,43,3.9145207298994547,35.0,8.0,0.3169,3.46,0.4545,0.2053
CORNING,0,0.0,stable,389,34.7232971357012,209.0,180.0,0.6123,17.8031,16.9202,0.6273
CSX,0,0.0,stable,126,12.603807784001166,73.0,53.0,0.5495,8.1266,4.4772,0.5151
CVS HEALTH,3,3.0,stable,171,15.572042074856501,131.0,40.0,0.3939,11.1061,4.466,0.4634
DAVITA,0,0.0,stable,123,13.744215959708724,70.0,53.0,0.6007,8.9704,4.7738,0.5227
DEAN FOODS,4,4.0,stable,34,3.9839153270471606,27.0,7.0,0.3564,3.526,0.4579,0.2105
DEERE,0,0.0,stable,2,0.060896372674468346,2.0,0.0,0.0,0.0609,0.0,0.0
DELL TECHNOLOGIES,0,0.0,stable,441,36.33862028314815,288.0,153.0,0.5362,16.8458,19.4928,0.6843
DELTA AIR LINES,0,0.0,stable,569,36.908045135215616,377.0,192.0,0.5191,21.4419,15.4661,0.5942
DISCOVER FINANCIAL SERVICES,1,1.0,stable,104,10.977564118762743,65.0,39.0,0.5312,5.6965,5.2811,0.6065
DISH NETWORK,0,0.0,stable,64,5.219913562597385,53.0,11.0,0.2964,3.2393,1.9806,0.5322
DTE ENERGY,2,2.0,stable,971,36.51449250595074,732.0,239.0,0.3984,17.0148,19.4997,0.6516
DUKE ENERGY,2,2.0,stable,733,40.51230554754749,446.0,287.0,0.5273,18.3064,22.2059,0.631
DUPONT DE NEMOURS,2,2.0,stable,110,11.746325929358706,64.0,46.0,0.5278,8.1868,3.5595,0.4393
EASTMAN CHEMICAL,2,2.0,stable,47,2.883649439412822,25.0,22.0,0.6537,1.7274,1.1563,0.5792
EBAY,4,3.0,cross-community,6,0.39733441213357484,2.0,4.0,0.6667,0.2376,0.1598,0.5545
ECOLAB,2,2.0,stable,270,29.29003735966752,109.0,161.0,0.7354,12.1942,17.0958,0.7245
ELI LILLY,3,3.0,stable,204,13.647976911186928,128.0,76.0,0.5474,7.4774,6.1706,0.6204
EMERSON ELECTRIC,2,2.0,stable,10,0.7601484772336142,5.0,5.0,0.66,0.6214,0.1387,0.3104
ENTERGY,2,2.0,stable,778,43.96074981388861,461.0,317.0,0.5824,16.7946,27.1661,0.7024
ENTERPRISE PRODUCTS PARTNERS,0,1.0,cross-community,1,0.08404135931413485,1.0,0.0,0.0,0.084,0.0,0.0
EOG RESOURCES,2,2.0,stable,2,0.014294006978987164,1.0,1.0,0.5,0.0135,0.0008,0.1091
ESTEE LAUDER,3,2.0,cross-community,3,0.44977282164871657,2.0,1.0,0.4444,0.3976,0.0522,0.2052
EVERSOURCE ENERGY,2,2.0,stable,254,22.59703619186936,189.0,65.0,0.4176,13.1262,9.4709,0.5754
EXELON,2,2.0,stable,857,35.42363185722887,611.0,246.0,0.4472,15.278,20.1457,0.6489
EXPEDIA GROUP,0,0.0,stable,98,8.224547085817182,64.0,34.0,0.5342,6.2298,1.9947,0.4022
EXXONMOBIL,2,2.0,stable,472,39.092189041568815,224.0,248.0,0.6805,16.6797,22.4125,0.7101
FEDEX,0,0.0,stable,365,28.632907005654186,174.0,191.0,0.701,13.1687,15.4642,0.7019
FIFTH THIRD BANCORP,1,1.0,stable,46,5.5162752285080945,45.0,1.0,0.0425,5.3621,0.1541,0.0547
FIRSTENERGY,2,2.0,stable,439,28.044591974587973,357.0,82.0,0.3207,17.1095,10.9351,0.5482
FLUOR,0,0.0,stable,178,16.54765063840376,90.0,88.0,0.5811,9.2775,7.2701,0.5823
FORD,1,1.0,stable,124,10.628988811891558,58.0,66.0,0.6253,5.2984,5.3306,0.6185
GAP,4,0.0,cross-community,58,7.622249460374169,15.0,43.0,0.7604,3.7782,3.844,0.6862
GENERAL DYNAMICS,0,0.0,stable,466,28.97368231994431,305.0,161.0,0.5223,17.426,11.5476,0.5822
GENERAL ELECTRIC,0,0.0,stable,332,27.870154323954758,170.0,162.0,0.6538,12.6013,15.2688,0.689
GENERAL MILLS,0,3.0,cross-community,47,2.5971951360835357,23.0,24.0,0.66,0.7115,1.8857,0.7063
GENERAL MOTORS,2,2.0,stable,282,27.05005225523785,139.0,143.0,0.6751,12.5135,14.5365,0.6906
GENWORTH FINANCIAL,1,1.0,stable,149,13.885674892025529,83.0,66.0,0.612,7.582,6.3037,0.5935
GILEAD SCIENCES,3,3.0,stable,313,27.795774179593568,140.0,173.0,0.6413,10.0102,17.7856,0.6682
GOLDMAN SACHS GROUP,1,1.0,stable,15,2.2713294886462734,15.0,0.0,0.0,2.2052,0.0661,0.0565
GOODYEAR TIRE & RUBBER,0,5.0,cross-community,57,1.2112159238483293,32.0,25.0,0.5214,0.6237,0.5875,0.5918
GUARDIAN LIFE INS. CO. OF AMERICA,1,3.0,cross-community,315,34.10499138249945,134.0,181.0,0.6833,10.2148,23.8902,0.7181
HALLIBURTON,2,2.0,stable,1,0.017222669020435535,1.0,0.0,0.0,0.0172,0.0,0.0
HARLEY-DAVIDSON,1,1.0,stable,5,0.3903046997735274,2.0,3.0,0.64,0.2339,0.1564,0.5527
HARTFORD FINANCIAL SERVICES,1,1.0,stable,263,22.17668798918886,208.0,55.0,0.3589,13.9171,8.2596,0.5595
HERSHEY,4,,cross-community,1,,1.0,0.0,0.0,0.0,0.0,
HEWLETT PACKARD ENTERPRISE,0,0.0,stable,427,37.018501199581195,267.0,160.0,0.5661,17.6281,19.3904,0.6837
HILTON WORLDWIDE HOLDINGS,1,1.0,stable,113,11.446489831514349,70.0,43.0,0.5617,6.4188,5.0277,0.6209
HOME DEPOT,4,4.0,stable,239,26.208349976290723,28.0,211.0,0.7555,2.864,23.3444,0.7513
HONEYWELL INTERNATIONAL,0,0.0,stable,290,24.51896580654557,161.0,129.0,0.5826,12.6635,11.8554,0.6211
HORMEL FOODS,4,2.0,cross-community,38,2.1456842675941363,10.0,28.0,0.7327,1.1222,1.0235,0.5924
HUMANA,3,3.0,stable,234,20.462755122669915,160.0,74.0,0.4948,11.6438,8.819,0.613
HUNTINGTON INGALLS INDUSTRIES,0,0.0,stable,245,22.05723378052939,180.0,65.0,0.434,15.7316,6.3256,0.4616
HUNTSMAN,0,0.0,stable,88,6.250753036134578,58.0,30.0,0.4925,4.9477,1.3031,0.3357
IBM,0,0.0,stable,674,49.35376766689269,399.0,275.0,0.6022,20.3594,28.9944,0.7301
IHEARTMEDIA,0,1.0,cross-community,144,15.033598779932428,78.0,66.0,0.6035,5.671,9.3626,0.6712
ILLINOIS TOOL WORKS,4,4.0,stable,99,11.556317675540425,27.0,72.0,0.7209,2.0565,9.4999,0.6992
INTEL,0,2.0,cross-community,140,16.179203821208002,79.0,61.0,0.537,7.9589,8.2203,0.5612
INTERNATIONAL PAPER,4,2.0,cross-community,144,15.26324778511217,27.0,117.0,0.7595,7.6581,7.6052,0.6722
INTUIT,1,1.0,stable,114,12.170914564795009,52.0,62.0,0.6525,4.0699,8.101,0.6956
J.M. SMUCKER,4,4.0,stable,13,1.2194355523494178,8.0,5.0,0.5799,1.0562,0.1633,0.2415
JETBLUE AIRWAYS,0,0.0,stable,56,6.283538382742644,29.0,27.0,0.6365,3.915,2.3686,0.5529
JOHNSON & JOHNSON,3,3.0,stable,412,28.808340668303632,198.0,214.0,0.6861,10.8387,17.9697,0.7369
JPMORGAN CHASE & CO.,1,1.0,stable,275,28.256959430194343,146.0,129.0,0.6193,15.1558,13.1012,0.625
KELLOGG,4,4.0,stable,36,3.860419200380195,10.0,26.0,0.7762,1.4857,2.3748,0.7361
KEURIG DR PEPPER,4,4.0,stable,44,3.883470837252647,31.0,13.0,0.4649,2.096,1.7875,0.5985
KEYCORP,1,1.0,stable,95,10.892076922439397,76.0,19.0,0.3417,7.8743,3.0177,0.4478
KIMBERLY-CLARK,3,1.0,cross-community,3,0.2829096072640999,1.0,2.0,0.6667,0.1248,0.1581,0.6313
KROGER,1,1.0,stable,101,11.259547449398053,38.0,63.0,0.7166,5.3346,5.925,0.6955
LABORATORY CORP. OF AMERICA,3,3.0,stable,189,19.002187176744812,80.0,109.0,0.6673,7.4428,11.5594,0.7001
LAND O'LAKES,4,0.0,cross-community,39,5.928675033932316,11.0,28.0,0.7324,2.9682,2.9604,0.675
LAS VEGAS SANDS,1,1.0,stable,12,0.706249388325988,4.0,8.0,0.7639,0.264,0.4423,0.6574
LENNAR,2,2.0,stable,42,2.9210631284958963,16.0,26.0,0.6621,1.4698,1.4512,0.6277
LIBERTY MEDIA,0,1.0,cross-community,47,1.919279336059426,23.0,24.0,0.6673,1.4525,0.4668,0.3942
LIBERTY MUTUAL INSURANCE GROUP,1,1.0,stable,276,19.877431316007367,124.0,152.0,0.7111,5.9125,13.965,0.7412
LKQ,0,0.0,stable,4,0.09594429758694537,3.0,1.0,0.375,0.0959,0.0,0.0
LOCKHEED MARTIN,0,0.0,stable,612,40.333836991309745,386.0,226.0,0.5497,19.4371,20.8968,0.6728
LOEWS,1,1.0,stable,43,4.61692592385375,35.0,8.0,0.3213,3.5981,1.0188,0.3672
LOWE'S,4,4.0,stable,54,5.830296089273844,23.0,31.0,0.6907,2.5584,3.2719,0.6438
M&T BANK CORP.,1,1.0,stable,18,1.285415060519972,18.0,0.0,0.0,1.2854,-0.0,-0.0
MAGELLAN HEALTH,3,3.0,stable,124,11.751893709891494,108.0,16.0,0.2336,9.7345,2.0174,0.3025
MARATHON OIL,4,2.0,cross-community,1,0.008596185494737622,1.0,0.0,0.0,0.0086,0.0,0.0
MARATHON PETROLEUM,2,2.0,stable,237,21.525909325194377,149.0,88.0,0.5492,11.914,9.6119,0.615
MARRIOTT INTERNATIONAL,1,1.0,stable,65,7.015582416786647,44.0,21.0,0.5051,4.5144,2.5012,0.5226
MARSH & MCLENNAN,1,1.0,stable,234,26.80618122835088,78.0,156.0,0.7343,8.5976,18.2086,0.7476
MASCO,0,2.0,cross-community,13,0.358330617516077,9.0,4.0,0.426,0.2051,0.1533,0.4896
MASSACHUSETTS MUTUAL LIFE INSURANCE,1,1.0,stable,127,6.130856885982659,115.0,12.0,0.1772,5.2275,0.9034,0.2638
MASTERCARD,4,0.0,cross-community,76,8.06136972741788,13.0,63.0,0.7247,3.0125,5.0489,0.7191
MCDONALD'S,4,4.0,stable,22,2.500704327894941,6.0,16.0,0.7645,0.6823,1.8184,0.7539
MCKESSON,3,3.0,stable,110,13.473261487080757,78.0,32.0,0.4691,8.9714,4.5018,0.5182
MERCK,3,3.0,stable,477,19.724483556135194,243.0,234.0,0.6129,9.485,10.2395,0.653
METLIFE,1,1.0,stable,210,18.285654444792254,103.0,107.0,0.687,9.7445,8.5412,0.6455
MGM RESORTS INTERNATIONAL,2,0.0,cross-community,35,3.8362170610599122,15.0,20.0,0.6269,2.1923,1.6439,0.5814
MICRON TECHNOLOGY,0,0.0,stable,236,20.539365211727475,158.0,78.0,0.4968,14.4046,6.1347,0.4656
MICROSOFT,0,0.0,stable,585,35.99534267192559,370.0,215.0,0.5562,15.0088,20.9866,0.7141
MOLINA HEALTHCARE,3,3.0,stable,86,9.140878141564505,69.0,17.0,0.3415,7.1144,2.0265,0.377
MORGAN STANLEY,1,0.0,cross-community,158,14.708062133604056,48.0,110.0,0.6751,7.1262,7.5818,0.6545
MOSAIC,2,5.0,cross-community,13,0.7435608243564351,11.0,2.0,0.2604,0.5075,0.2361,0.4334
MOTOROLA SOLUTIONS,0,0.0,stable,356,27.688904736188167,248.0,108.0,0.476,15.6968,11.9921,0.6026
MUTUAL OF OMAHA INSURANCE,3,1.0,cross-community,366,27.993552071100652,147.0,219.0,0.6487,13.1468,14.8468,0.6402
NATIONWIDE,1,1.0,stable,737,34.14031816186812,473.0,264.0,0.5424,15.4484,18.692,0.6942
NAVIENT,0,4.0,cross-community,17,1.1934177108505937,9.0,8.0,0.5882,0.1879,1.0055,0.7036
NAVISTAR INTERNATIONAL,3,3.0,stable,57,6.297669861831335,38.0,19.0,0.5109,4.0809,2.2168,0.5133
NCR,4,1.0,cross-community,8,0.3312562208304806,2.0,6.0,0.7188,0.2013,0.13,0.5349
NETFLIX,0,1.0,cross-community,1,0.011217138279259471,1.0,0.0,0.0,0.0112,0.0,0.0
NEW YORK LIFE INSURANCE,1,1.0,stable,133,11.147976236255897,119.0,14.0,0.1962,9.7505,1.3975,0.2305
NEXTERA ENERGY,2,2.0,stable,197,12.115945632188641,119.0,78.0,0.5799,6.488,5.6279,0.6341
NIKE,4,0.0,cross-community,54,5.6110499308812845,15.0,39.0,0.7112,3.7403,1.8707,0.5257
NORFOLK SOUTHERN,0,0.0,stable,266,25.936454061282152,161.0,105.0,0.5768,14.1814,11.7551,0.6206
NORTHERN TRUST,1,1.0,stable,117,11.45601329833801,90.0,27.0,0.3885,8.6801,2.7759,0.4046
NORTHROP GRUMMAN,0,0.0,stable,428,23.755291085181398,297.0,131.0,0.4754,16.6434,7.1119,0.4746
NORTHWESTERN MUTUAL,1,1.0,stable,409,34.05230448590737,291.0,118.0,0.4591,18.6152,15.4371,0.6237
NRG ENERGY,2,2.0,stable,129,8.338629664392746,121.0,8.0,0.1172,7.5713,0.7673,0.1718
NUCOR,4,4.0,stable,32,3.5081994305879447,12.0,20.0,0.6426,1.5695,1.9387,0.6288
OCCIDENTAL PETROLEUM,2,2.0,stable,12,2.203959560184751,12.0,0.0,0.0,2.1338,0.0701,0.0616
OLIN,2,2.0,stable,3,0.47961868057190804,2.0,1.0,0.4444,0.2445,0.2351,0.4998
ONEOK,2,2.0,stable,57,3.7241260935101725,33.0,24.0,0.5916,2.508,1.2162,0.4916
ORACLE,0,0.0,stable,474,35.93021328309854,316.0,158.0,0.5218,19.8674,16.0628,0.6317
OSHKOSH,0,0.0,stable,70,2.857611116520106,45.0,25.0,0.4869,2.3704,0.4872,0.2941
OWENS & MINOR,0,3.0,cross-community,2,0.1427844592688992,2.0,0.0,0.0,0.1078,0.035,0.3699
OWENS CORNING,2,2.0,stable,75,10.549254198601808,42.0,33.0,0.6176,5.602,4.9473,0.6369
PACIFIC LIFE,1,1.0,stable,233,21.6499287258251,182.0,51.0,0.373,13.9925,7.6575,0.5372
PAYPAL HOLDINGS,1,1.0,stable,77,7.222933474722351,60.0,17.0,0.3724,5.9333,1.2897,0.3152
PEABODY ENERGY,2,2.0,stable,194,20.4565646414814,87.0,107.0,0.6689,10.6741,9.7824,0.6352
PEPSICO,4,4.0,stable,69,7.707733211777095,32.0,37.0,0.6965,2.7747,4.933,0.7564
PFIZER,3,3.0,stable,509,40.9161779460323,230.0,279.0,0.6886,10.5537,30.3625,0.7457
PG&E,2,2.0,stable,619,37.68614543926261,439.0,180.0,0.4496,18.1193,19.5669,0.637
PHILLIPS 66,2,2.0,stable,247,25.05998345497448,125.0,122.0,0.6682,13.4472,11.6128,0.6356
PNC FINANCIAL SERVICES,1,1.0,stable,27,3.602633836970292,21.0,6.0,0.3704,3.0831,0.5195,0.2592
POLARIS INDUSTRIES,0,0.0,stable,54,1.968097153817398,51.0,3.0,0.1063,1.4631,0.505,0.4137
PPG INDUSTRIES,0,0.0,stable,357,34.13366316502723,196.0,161.0,0.6148,15.8716,18.2621,0.6673
PPL,2,2.0,stable,596,28.69709497121106,462.0,134.0,0.3718,14.7455,13.9516,0.6063
PRINCIPAL FINANCIAL,1,1.0,stable,323,29.761496131045735,189.0,134.0,0.5976,13.3593,16.4022,0.7006
PRUDENTIAL FINANCIAL,1,1.0,stable,203,14.335253951163178,178.0,25.0,0.2259,11.7554,2.5798,0.314
PUBLIC SERVICE ENTERPRISE GROUP,2,2.0,stable,318,26.22090115181058,192.0,126.0,0.5224,12.7536,13.4673,0.5741
PUBLIX SUPER MARKETS,1,1.0,stable,42,3.802859126144997,32.0,10.0,0.4002,3.035,0.7678,0.3494
QUALCOMM,0,0.0,stable,52,6.106081386464057,33.0,19.0,0.5007,3.4579,2.6482,0.5236
QUEST DIAGNOSTICS,3,3.0,stable,91,10.735363559652756,24.0,67.0,0.7178,2.6397,8.0957,0.7331
QURATE RETAIL,0,1.0,cross-community,47,2.309526011636311,23.0,24.0,0.6673,1.7554,0.5541,0.3903
RAYTHEON,0,0.0,stable,267,29.399998887644678,167.0,100.0,0.5649,15.8066,13.5934,0.6428
REGENERON PHARMACEUTICALS,3,3.0,stable,44,2.356312885785729,40.0,4.0,0.1705,2.0842,0.2721,0.2128
REGIONS FINANCIAL,1,1.0,stable,51,7.013803701112293,27.0,24.0,0.639,4.2367,2.7771,0.5764
REPUBLIC SERVICES,1,,cross-community,2,,2.0,0.0,0.0,0.0,0.0,
RITE AID,3,3.0,stable,80,8.26536647071148,55.0,25.0,0.4991,5.8687,2.3967,0.4737
RYDER SYSTEM,3,3.0,stable,1,0.01774883478874666,1.0,0.0,0.0,0.0177,0.0,0.0
S&P GLOBAL,2,2.0,stable,79,9.840708829517942,39.0,40.0,0.6867,5.1507,4.69,0.6535
SALESFORCE.COM,0,0.0,stable,258,22.610297497670757,170.0,88.0,0.5308,11.7996,10.8107,0.6534
SEMPRA ENERGY,2,2.0,stable,219,23.457803692117814,99.0,120.0,0.649,10.5803,12.8775,0.6371
SHERWIN-WILLIAMS,2,2.0,stable,22,2.163191537164857,13.0,9.0,0.6033,1.3404,0.8228,0.5606
SOUTHWEST AIRLINES,0,0.0,stable,232,19.26603610879961,142.0,90.0,0.5776,8.9226,10.3434,0.6956
STARBUCKS,3,3.0,stable,1,0.017398161492474144,1.0,0.0,0.0,0.0174,0.0,0.0
STATE FARM INSURANCE,1,1.0,stable,151,13.960362405147137,118.0,33.0,0.3702,10.9021,3.0582,0.3766
STATE STREET CORP.,1,1.0,stable,162,13.067171256199172,132.0,30.0,0.3237,8.983,4.0842,0.4917
STRYKER,2,2.0,stable,1,0.010207314498823119,1.0,0.0,0.0,0.0102,0.0,0.0
SYNCHRONY FINANCIAL,1,1.0,stable,58,6.792687206077923,38.0,20.0,0.5083,4.1751,2.6176,0.5545
SYSCO,4,4.0,stable,17,1.0941407883074934,15.0,2.0,0.2076,1.0895,0.0046,0.0084
TARGET,0,1.0,cross-community,64,4.992389717589687,30.0,34.0,0.6777,2.9423,2.05,0.5871
TENET HEALTHCARE,3,3.0,stable,131,15.365886752444514,63.0,68.0,0.6632,6.8058,8.56,0.6708
TENNECO,2,5.0,cross-community,7,0.13527204042082092,6.0,1.0,0.2449,0.131,0.0043,0.061
TESLA,2,2.0,stable,131,11.70109577426285,92.0,39.0,0.4751,7.1641,4.537,0.5585
TEXAS INSTRUMENTS,0,0.0,stable,128,14.389526093274823,88.0,40.0,0.5002,8.7865,5.603,0.5696
TEXTRON,0,0.0,stable,191,17.752782718419038,142.0,49.0,0.4102,12.0936,5.6591,0.4697
THERMO FISHER SCIENTIFIC,0,0.0,stable,117,15.405330860113837,59.0,58.0,0.6225,8.4059,6.9994,0.6049
TIAA,1,1.0,stable,183,13.035948168772254,169.0,14.0,0.1451,11.4311,1.6049,0.2254
TRAVELERS,1,1.0,stable,128,13.909798553061288,62.0,66.0,0.6678,6.0601,7.8497,0.6659
TWENTY-FIRST CENTURY FOX,1,1.0,stable,127,10.696546133618071,54.0,73.0,0.5553,6.0977,4.5988,0.5503
UNION PACIFIC,0,0.0,stable,572,44.68892625134782,295.0,277.0,0.6473,20.2747,24.4142,0.6894
UNITED CONTINENTAL HOLDINGS,0,0.0,stable,271,20.559799327966154,199.0,72.0,0.4357,10.8891,9.6707,0.6162
UNITED HEALTH GROUP,3,3.0,stable,130,12.46093044042215,103.0,27.0,0.3547,9.8597,2.6013,0.3583
UNITED PARCEL SERVICE,4,4.0,stable,123,14.905132457538915,27.0,96.0,0.7555,2.7813,12.1238,0.7548
UNUM GROUP,1,1.0,stable,36,2.4847893969759514,27.0,9.0,0.4105,1.4602,1.0246,0.5156
USAA,1,1.0,stable,40,3.620313951542787,35.0,5.0,0.2275,3.3789,0.2414,0.1269
VALERO ENERGY,2,2.0,stable,171,17.815659185519777,107.0,64.0,0.5586,10.7761,7.0396,0.5759
VERIZON,0,0.0,stable,413,25.773411458566528,267.0,146.0,0.5355,11.5497,14.2237,0.6875
VIACOM,1,1.0,stable,47,4.676305345383786,29.0,18.0,0.5016,3.4303,1.246,0.4322
VISA,1,1.0,stable,111,13.770256506452007,49.0,62.0,0.6602,5.2895,8.4807,0.6879
VISTRA ENERGY,1,1.0,stable,2,0.022949964677534344,1.0,1.0,0.5,0.0178,0.0052,0.3485
VOYA FINANCIAL,1,1.0,stable,88,9.974804486540117,79.0,9.0,0.1906,8.7178,1.257,0.2296
W.R. BERKLEY,1,1.0,stable,31,2.832929513304249,19.0,12.0,0.5723,1.044,1.7889,0.7109
WALGREENS BOOTS ALLIANCE,3,3.0,stable,84,9.364216817407778,54.0,30.0,0.5411,6.4695,2.8947,0.4803
WALMART,3,3.0,stable,143,16.249212153556037,64.0,79.0,0.6782,6.0679,10.1814,0.7215
WASTE MANAGEMENT,4,2.0,cross-community,23,1.654511915063606,5.0,18.0,0.6427,1.0877,0.5668,0.5084
WELLCARE HEALTH PLANS,3,3.0,stable,122,12.700368221066158,105.0,17.0,0.2514,10.2665,2.4338,0.3333
WELLS FARGO,1,1.0,stable,79,7.478516104321662,56.0,23.0,0.4679,5.7187,1.7598,0.3963
WESTERN DIGITAL,0,0.0,stable,25,1.6375290518505652,23.0,2.0,0.1472,1.2853,0.3522,0.3377
WESTERN UNION,1,1.0,stable,45,5.678029629056751,42.0,3.0,0.1264,5.6215,0.0566,0.0197
WEYERHAEUSER,4,4.0,stable,90,7.630018884069855,18.0,72.0,0.7365,2.2348,5.3952,0.6974
WHIRLPOOL,2,2.0,stable,35,2.992495791352183,20.0,15.0,0.578,1.8419,1.1506,0.5464
WINDSTREAM HOLDINGS,0,0.0,stable,31,1.7083050290490784,31.0,0.0,0.0,1.5405,0.1678,0.1772
XCEL ENERGY,2,2.0,stable,802,30.04678102781432,631.0,171.0,0.3589,14.4397,15.6071,0.6586
XEROX,1,1.0,stable,29,1.770662024392156,24.0,5.0,0.302,1.6312,0.1394,0.1484
YUM BRANDS,1,1.0,stable,172,20.5066170900863,56.0,116.0,0.7599,7.5297,12.9769,0.7415
YUM CHINA HOLDINGS,1,1.0,stable,7,0.16397335386941467,7.0,0.0,0.0,0.164,-0.0,-0.0
ZIMMER BIOMET HOLDINGS,3,3.0,stable,36,3.9294939647634246,27.0,9.0,0.3966,2.3831,1.5464,0.5339
ZOETIS,4,2.0,cross-community,40,1.0374041655442743,9.0,31.0,0.7538,0.4774,0.56,0.6652
